City,State,Year,Filename,Training Accuracy,Training Confusion Matrix,Validation Accuracy,Validation Confusion Matrix
Vijayawada,AndhraPradesh,2019,AndhraPradesh_Vijayawada_C,0.9970046,"[[0, 0, 0], [0, 45913, 41], [0, 127, 10005]]",0.996934265,"[[0, 0, 0], [0, 11458, 7], [0, 36, 2525]]"
Vijayawada,AndhraPradesh,2024,AndhraPradesh_Vijayawada_C,0.997255587,"[[14, 0, 0], [0, 43137, 77], [0, 77, 12809]]",0.996835443,"[[3, 0, 0], [0, 10617, 18], [0, 26, 3240]]"
Vijayawada,AndhraPradesh,2019,AndhraPradesh_Vijayawada_N,0.99816004,"[[201, 1, 0], [1, 21246, 87], [0, 13, 33887]]",0.9982066,"[[55, 0, 0], [0, 5277, 20], [0, 5, 8583]]"
Vijayawada,AndhraPradesh,2024,AndhraPradesh_Vijayawada_N,0.995291783,"[[402, 0, 0], [3, 23490, 240], [0, 18, 31282]]",0.996326442,"[[96, 0, 0], [3, 5874, 44], [0, 4, 7862]]"
Vijayawada,AndhraPradesh,2019,AndhraPradesh_Vijayawada_NE,0.998289459,"[[1066, 1, 0], [5, 15990, 81], [0, 8, 38387]]",0.998518519,"[[304, 0, 0], [1, 4105, 17], [0, 3, 9745]]"
Vijayawada,AndhraPradesh,2024,AndhraPradesh_Vijayawada_NE,0.993068967,"[[693, 5, 0], [9, 12682, 360], [0, 10, 41644]]",0.992821405,"[[199, 1, 0], [2, 3210, 89], [0, 7, 10283]]"
Vijayawada,AndhraPradesh,2019,AndhraPradesh_Vijayawada_E,0.99806132,"[[0, 0, 0], [0, 24900, 69], [0, 39, 30700]]",0.997958753,"[[0, 0, 0], [0, 6435, 17], [0, 12, 7743]]"
Vijayawada,AndhraPradesh,2024,AndhraPradesh_Vijayawada_E,0.997301355,"[[0, 0, 0], [0, 23193, 88], [0, 63, 32610]]",0.997552372,"[[0, 0, 0], [0, 5783, 17], [0, 17, 8074]]"
Vijayawada,AndhraPradesh,2019,AndhraPradesh_Vijayawada_SE,0.997917334,"[[70, 18, 0], [0, 19735, 96], [0, 3, 36256]]",0.998099395,"[[19, 4, 0], [0, 4975, 23], [0, 0, 9185]]"
Vijayawada,AndhraPradesh,2024,AndhraPradesh_Vijayawada_SE,0.995918513,"[[653, 0, 0], [2, 16094, 165], [0, 62, 39131]]",0.995777571,"[[135, 0, 0], [0, 4032, 47], [0, 12, 9747]]"
Vijayawada,AndhraPradesh,2019,AndhraPradesh_Vijayawada_S,0.997304823,"[[582, 0, 0], [6, 27882, 70], [0, 75, 27411]]",0.996658847,"[[141, 0, 0], [0, 6940, 19], [0, 28, 6939]]"
Vijayawada,AndhraPradesh,2024,AndhraPradesh_Vijayawada_S,0.996909843,"[[961, 0, 0], [0, 22956, 127], [0, 44, 31249]]",0.99590958,"[[263, 0, 0], [0, 5720, 36], [0, 21, 7895]]"
Vijayawada,AndhraPradesh,2019,AndhraPradesh_Vijayawada_SW,0.996756679,"[[15, 8, 0], [0, 28027, 140], [0, 33, 27584]]",0.996446443,"[[6, 0, 0], [0, 6964, 38], [0, 11, 6770]]"
Vijayawada,AndhraPradesh,2024,AndhraPradesh_Vijayawada_SW,0.996570977,"[[9, 0, 0], [0, 18312, 141], [0, 50, 37189]]",0.995629746,"[[0, 0, 0], [0, 4621, 39], [0, 22, 9276]]"
Vijayawada,AndhraPradesh,2019,AndhraPradesh_Vijayawada_W,0.994175773,"[[11079, 46, 0], [208, 27602, 39], [0, 30, 16454]]",0.99421203,"[[2730, 16, 0], [47, 6857, 10], [0, 6, 3983]]"
Vijayawada,AndhraPradesh,2024,AndhraPradesh_Vijayawada_W,0.996477834,"[[10051, 0, 0], [59, 24467, 86], [0, 46, 19519]]",0.995703466,"[[2486, 0, 0], [26, 6268, 21], [0, 12, 4919]]"
Vijayawada,AndhraPradesh,2019,AndhraPradesh_Vijayawada_NW,0.997402176,"[[0, 14, 0], [0, 19070, 127], [0, 3, 36217]]",0.998785801,"[[0, 3, 0], [0, 4747, 13], [0, 1, 9237]]"
Vijayawada,AndhraPradesh,2024,AndhraPradesh_Vijayawada_NW,0.995751927,"[[78, 119, 0], [2, 31327, 42], [0, 74, 24148]]",0.995652174,"[[22, 28, 0], [0, 7796, 15], [0, 17, 5922]]"
Visakhapatnam,AndhraPradesh,2019,AndhraPradesh_Visakhapatnam_C,0.998030333,"[[0, 27, 0], [0, 37593, 31], [0, 52, 18144]]",0.997780165,"[[0, 4, 0], [0, 9487, 8], [0, 19, 4447]]"
Visakhapatnam,AndhraPradesh,2024,AndhraPradesh_Visakhapatnam_C,0.997182391,"[[80, 20, 0], [9, 34789, 21], [0, 107, 20695]]",0.997373092,"[[21, 5, 0], [1, 8801, 6], [0, 25, 5226]]"
Visakhapatnam,AndhraPradesh,2019,AndhraPradesh_Visakhapatnam_N,0.998583265,"[[376, 3, 0], [0, 26965, 31], [0, 45, 28342]]",0.998351727,"[[97, 2, 0], [0, 6718, 8], [0, 13, 7116]]"
Visakhapatnam,AndhraPradesh,2024,AndhraPradesh_Visakhapatnam_N,0.997625216,"[[479, 0, 0], [0, 21997, 66], [0, 66, 32976]]",0.99791861,"[[108, 0, 0], [0, 5504, 14], [0, 15, 8292]]"
Visakhapatnam,AndhraPradesh,2019,AndhraPradesh_Visakhapatnam_NE,0.998959567,"[[0, 0, 0], [0, 28260, 27], [0, 31, 27428]]",0.998713551,"[[0, 0, 0], [0, 7115, 8], [0, 10, 6859]]"
Visakhapatnam,AndhraPradesh,2024,AndhraPradesh_Visakhapatnam_NE,0.997678323,"[[19, 8, 0], [2, 23899, 51], [0, 69, 31946]]",0.997300846,"[[6, 0, 0], [0, 5813, 14], [0, 23, 7852]]"
Visakhapatnam,AndhraPradesh,2019,AndhraPradesh_Visakhapatnam_E,0.996212466,"[[4036, 2, 0], [115, 29927, 49], [0, 42, 20746]]",0.996620164,"[[944, 2, 0], [25, 7600, 12], [0, 8, 5315]]"
Visakhapatnam,AndhraPradesh,2024,AndhraPradesh_Visakhapatnam_E,0.996810469,"[[3741, 3, 0], [17, 27000, 62], [0, 93, 23951]]",0.997970279,"[[939, 0, 0], [0, 6752, 8], [0, 20, 6076]]"
Visakhapatnam,AndhraPradesh,2019,AndhraPradesh_Visakhapatnam_SE,0.997768614,"[[38048, 0, 0], [13, 2883, 106], [0, 6, 14963]]",0.997676711,"[[9647, 0, 0], [4, 736, 28], [0, 1, 3788]]"
Visakhapatnam,AndhraPradesh,2024,AndhraPradesh_Visakhapatnam_SE,0.998182434,"[[37990, 0, 0], [5, 2822, 96], [0, 1, 15205]]",0.998088496,"[[9772, 0, 0], [2, 698, 23], [0, 2, 3628]]"
Visakhapatnam,AndhraPradesh,2019,AndhraPradesh_Visakhapatnam_S,0.995223668,"[[1389, 78, 0], [92, 31505, 48], [0, 50, 22948]]",0.994659641,"[[331, 22, 0], [18, 7854, 20], [0, 15, 5784]]"
Visakhapatnam,AndhraPradesh,2024,AndhraPradesh_Visakhapatnam_S,0.998546642,"[[1285, 1, 0], [5, 29552, 36], [0, 39, 24815]]",0.998027197,"[[320, 0, 0], [0, 7487, 18], [0, 10, 6358]]"
Visakhapatnam,AndhraPradesh,2019,AndhraPradesh_Visakhapatnam_SW,0.997295991,"[[439, 0, 0], [0, 22060, 141], [0, 10, 33193]]",0.996931859,"[[97, 0, 0], [0, 5555, 38], [0, 5, 8320]]"
Visakhapatnam,AndhraPradesh,2024,AndhraPradesh_Visakhapatnam_SW,0.997560494,"[[443, 0, 0], [0, 15446, 86], [0, 50, 39724]]",0.998216197,"[[105, 0, 0], [0, 3896, 18], [0, 7, 9989]]"
Visakhapatnam,AndhraPradesh,2019,AndhraPradesh_Visakhapatnam_W,0.997526495,"[[4462, 0, 0], [1, 35334, 51], [0, 85, 15454]]",0.998327516,"[[1112, 0, 0], [0, 8682, 9], [0, 14, 3935]]"
Visakhapatnam,AndhraPradesh,2024,AndhraPradesh_Visakhapatnam_W,0.996764448,"[[5608, 0, 0], [8, 24351, 63], [0, 110, 25801]]",0.997403909,"[[1436, 0, 0], [3, 5943, 13], [0, 20, 6452]]"
Visakhapatnam,AndhraPradesh,2019,AndhraPradesh_Visakhapatnam_NW,0.998527061,"[[704, 1, 0], [6, 14590, 45], [0, 30, 40295]]",0.998492787,"[[197, 4, 0], [1, 3732, 9], [0, 7, 9983]]"
Visakhapatnam,AndhraPradesh,2024,AndhraPradesh_Visakhapatnam_NW,0.998129934,"[[833, 0, 0], [0, 12074, 69], [0, 35, 42602]]",0.998128958,"[[209, 0, 0], [0, 3001, 20], [0, 6, 10660]]"
Guwahati,Assam,2019,Assam_Guwahati_C,0.983002235,"[[2945, 332, 0], [572, 22680, 14], [0, 48, 30240]]",0.981896309,"[[728, 79, 0], [165, 5708, 4], [0, 9, 7503]]"
Guwahati,Assam,2024,Assam_Guwahati_C,0.995124121,"[[100, 136, 0], [50, 29026, 77], [0, 11, 26795]]",0.995237757,"[[29, 34, 0], [9, 7210, 21], [0, 3, 6763]]"
Guwahati,Assam,2019,Assam_Guwahati_N,0.996976609,"[[11080, 0, 0], [5, 23478, 92], [0, 70, 20511]]",0.996259262,"[[2790, 0, 0], [0, 5885, 26], [0, 26, 5174]]"
Guwahati,Assam,2024,Assam_Guwahati_N,0.996911842,"[[10163, 0, 0], [23, 28717, 71], [0, 76, 15999]]",0.997909759,"[[2599, 0, 0], [5, 7215, 9], [0, 15, 4031]]"
Guwahati,Assam,2019,Assam_Guwahati_NE,0.997620035,"[[8586, 0, 0], [17, 29341, 81], [0, 34, 17404]]",0.997639654,"[[2228, 0, 0], [3, 7398, 16], [0, 14, 4322]]"
Guwahati,Assam,2024,Assam_Guwahati_NE,0.99781043,"[[7528, 0, 0], [2, 38436, 32], [0, 87, 9177]]",0.998067979,"[[1934, 0, 0], [0, 9708, 5], [0, 22, 2306]]"
Guwahati,Assam,2019,Assam_Guwahati_E,0.998939688,"[[0, 1, 0], [0, 35092, 9], [0, 49, 20493]]",0.998635841,"[[0, 0, 0], [0, 8721, 2], [0, 17, 5188]]"
Guwahati,Assam,2024,Assam_Guwahati_E,0.997587585,"[[0, 0, 0], [0, 41658, 47], [0, 87, 13754]]",0.998364619,"[[0, 0, 0], [0, 10573, 7], [0, 16, 3468]]"
Guwahati,Assam,2019,Assam_Guwahati_SE,0.999199003,"[[0, 0, 0], [0, 508, 45], [0, 0, 55627]]",0.999218417,"[[0, 0, 0], [0, 119, 11], [0, 0, 13944]]"
Guwahati,Assam,2024,Assam_Guwahati_SE,0.995525648,"[[0, 0, 0], [0, 947, 252], [0, 0, 55122]]",0.99540527,"[[0, 0, 0], [0, 227, 64], [0, 0, 13638]]"
Guwahati,Assam,2019,Assam_Guwahati_S,0.998841706,"[[0, 0, 0], [0, 142, 65], [0, 0, 55910]]",0.999225188,"[[0, 0, 0], [0, 46, 11], [0, 0, 14140]]"
Guwahati,Assam,2024,Assam_Guwahati_S,0.997725577,"[[0, 0, 0], [0, 501, 128], [0, 0, 55649]]",0.996865204,"[[0, 0, 0], [0, 128, 44], [0, 0, 13864]]"
Guwahati,Assam,2019,Assam_Guwahati_SW,0.999607927,"[[10, 0, 0], [0, 6571, 9], [0, 13, 49509]]",0.999857631,"[[1, 0, 0], [0, 1617, 1], [0, 1, 12428]]"
Guwahati,Assam,2024,Assam_Guwahati_SW,0.998309879,"[[7, 0, 0], [0, 9001, 95], [0, 0, 47106]]",0.998709955,"[[3, 0, 0], [0, 2207, 18], [0, 0, 11725]]"
Guwahati,Assam,2019,Assam_Guwahati_W,0.959814529,"[[2743, 986, 0], [1276, 23253, 0], [0, 104, 30515]]",0.958153461,"[[658, 242, 0], [334, 5641, 0], [0, 25, 7462]]"
Guwahati,Assam,2024,Assam_Guwahati_W,0.975507372,"[[653, 733, 0], [583, 27415, 96], [0, 0, 28170]]",0.975086505,"[[143, 184, 0], [153, 6909, 23], [0, 0, 7038]]"
Guwahati,Assam,2019,Assam_Guwahati_NW,0.997904557,"[[17156, 0, 0], [2, 25738, 59], [0, 54, 11872]]",0.996484289,"[[4276, 0, 0], [0, 6505, 30], [0, 18, 2824]]"
Guwahati,Assam,2024,Assam_Guwahati_NW,0.997218461,"[[13612, 0, 0], [55, 31428, 40], [0, 57, 9454]]",0.997598952,"[[3541, 0, 0], [11, 7786, 7], [0, 15, 2384]]"
Patna,Bihar,2019,Bihar_Patna_C,0.99657577,"[[0, 0, 0], [0, 47289, 78], [0, 114, 8590]]",0.995540531,"[[0, 0, 0], [0, 11744, 28], [0, 34, 2097]]"
Patna,Bihar,2024,Bihar_Patna_C,0.995955692,"[[6, 0, 0], [0, 44910, 95], [0, 131, 10739]]",0.996665248,"[[0, 0, 0], [0, 11444, 21], [0, 26, 2603]]"
Patna,Bihar,2019,Bihar_Patna_N,0.997660416,"[[7321, 7, 0], [15, 38971, 22], [0, 85, 8717]]",0.997179024,"[[1830, 2, 0], [5, 9685, 7], [0, 25, 2271]]"
Patna,Bihar,2024,Bihar_Patna_N,0.998322874,"[[7306, 0, 0], [17, 36095, 24], [0, 52, 11958]]",0.99848463,"[[1776, 0, 0], [6, 9148, 5], [0, 10, 2913]]"
Patna,Bihar,2019,Bihar_Patna_NE,0.997521981,"[[12037, 0, 0], [5, 29915, 75], [0, 55, 12392]]",0.997005113,"[[3056, 0, 0], [3, 7518, 24], [0, 14, 3075]]"
Patna,Bihar,2024,Bihar_Patna_NE,0.997934149,"[[9984, 0, 0], [3, 29253, 33], [0, 77, 15349]]",0.997878877,"[[2559, 0, 0], [1, 7223, 7], [0, 21, 3861]]"
Patna,Bihar,2019,Bihar_Patna_E,0.997309001,"[[1607, 0, 0], [0, 46255, 46], [0, 105, 8100]]",0.997580243,"[[418, 0, 0], [0, 11598, 5], [0, 29, 2001]]"
Patna,Bihar,2024,Bihar_Patna_E,0.997248083,"[[1231, 0, 0], [7, 45028, 58], [0, 89, 9548]]",0.996960271,"[[326, 0, 0], [1, 11342, 15], [0, 27, 2435]]"
Patna,Bihar,2019,Bihar_Patna_SE,0.994484999,"[[0, 1, 0], [0, 24743, 152], [0, 156, 30977]]",0.994911311,"[[0, 1, 0], [0, 6001, 36], [0, 33, 7685]]"
Patna,Bihar,2024,Bihar_Patna_SE,0.996011068,"[[8, 0, 0], [0, 11999, 146], [0, 76, 43425]]",0.995893805,"[[0, 0, 0], [0, 3132, 38], [0, 20, 10935]]"
Patna,Bihar,2019,Bihar_Patna_S,0.996451359,"[[0, 1, 0], [0, 23608, 111], [0, 86, 31990]]",0.996520731,"[[0, 0, 0], [0, 5854, 30], [0, 18, 7894]]"
Patna,Bihar,2024,Bihar_Patna_S,0.995754708,"[[0, 0, 0], [0, 16131, 142], [0, 94, 39224]]",0.995786617,"[[0, 0, 0], [0, 4040, 36], [0, 23, 9904]]"
Patna,Bihar,2019,Bihar_Patna_SW,0.996497971,"[[0, 0, 0], [0, 19620, 100], [0, 95, 35867]]",0.996987304,"[[0, 0, 0], [0, 4933, 17], [0, 25, 8966]]"
Patna,Bihar,2024,Bihar_Patna_SW,0.996301975,"[[7, 0, 0], [0, 11178, 163], [0, 42, 44045]]",0.995201468,"[[0, 0, 0], [0, 2956, 55], [0, 13, 11147]]"
Patna,Bihar,2019,Bihar_Patna_W,0.996716605,"[[0, 1, 0], [0, 45311, 48], [0, 134, 10241]]",0.996119853,"[[0, 0, 0], [0, 11329, 8], [0, 46, 2534]]"
Patna,Bihar,2024,Bihar_Patna_W,0.996505126,"[[0, 0, 0], [0, 40193, 53], [0, 142, 15408]]",0.995457823,"[[0, 0, 0], [0, 9978, 9], [0, 54, 3829]]"
Patna,Bihar,2019,Bihar_Patna_NW,0.996306457,"[[7041, 0, 0], [7, 32070, 36], [0, 163, 16456]]",0.996041742,"[[1744, 0, 0], [1, 8044, 8], [0, 46, 4052]]"
Patna,Bihar,2024,Bihar_Patna_NW,0.997530201,"[[6696, 0, 0], [17, 27467, 26], [0, 95, 21574]]",0.996975589,"[[1631, 0, 0], [5, 6976, 13], [0, 24, 5238]]"
Chandigarh,Chandigarh,2019,Chandigarh_Chandigarh_C,0.994895218,"[[0, 0, 0], [0, 31469, 125], [0, 160, 24076]]",0.994585738,"[[0, 0, 0], [0, 7919, 28], [0, 48, 6042]]"
Chandigarh,Chandigarh,2024,Chandigarh_Chandigarh_C,0.995506183,"[[0, 0, 0], [0, 31379, 136], [0, 114, 24003]]",0.995784148,"[[0, 0, 0], [0, 8014, 36], [0, 24, 6158]]"
Chandigarh,Chandigarh,2019,Chandigarh_Chandigarh_N,0.996031675,"[[63, 4, 0], [0, 23048, 146], [0, 73, 32861]]",0.996350626,"[[13, 4, 0], [0, 5674, 36], [0, 11, 8237]]"
Chandigarh,Chandigarh,2024,Chandigarh_Chandigarh_N,0.996650334,"[[124, 0, 0], [0, 23472, 126], [0, 62, 32341]]",0.996,"[[30, 0, 0], [1, 5905, 47], [0, 8, 8009]]"
Chandigarh,Chandigarh,2019,Chandigarh_Chandigarh_NE,0.993673389,"[[67, 0, 0], [0, 14846, 305], [0, 47, 40373]]",0.992893547,"[[18, 0, 0], [0, 3847, 87], [0, 12, 9967]]"
Chandigarh,Chandigarh,2024,Chandigarh_Chandigarh_NE,0.994797667,"[[139, 0, 0], [0, 18637, 221], [0, 68, 36487]]",0.994578399,"[[35, 0, 0], [0, 4693, 58], [0, 18, 9214]]"
Chandigarh,Chandigarh,2019,Chandigarh_Chandigarh_E,0.99510779,"[[2852, 0, 0], [0, 21230, 180], [0, 93, 31448]]",0.995492595,"[[753, 0, 0], [0, 5206, 34], [0, 29, 7955]]"
Chandigarh,Chandigarh,2024,Chandigarh_Chandigarh_E,0.994718818,"[[2863, 0, 0], [0, 20800, 204], [0, 89, 31524]]",0.993103448,"[[770, 0, 0], [0, 5359, 79], [0, 19, 7983]]"
Chandigarh,Chandigarh,2019,Chandigarh_Chandigarh_SE,0.997031733,"[[0, 0, 0], [0, 35455, 73], [0, 92, 19968]]",0.996783647,"[[0, 0, 0], [0, 8918, 21], [0, 24, 5028]]"
Chandigarh,Chandigarh,2024,Chandigarh_Chandigarh_SE,0.996564316,"[[0, 2, 0], [0, 36333, 81], [0, 108, 19069]]",0.996370623,"[[0, 0, 0], [0, 9174, 21], [0, 30, 4827]]"
Chandigarh,Chandigarh,2019,Chandigarh_Chandigarh_S,0.996474503,"[[0, 1, 0], [0, 28136, 92], [0, 103, 27263]]",0.996213474,"[[0, 1, 0], [0, 7096, 23], [0, 29, 6848]]"
Chandigarh,Chandigarh,2024,Chandigarh_Chandigarh_S,0.996895914,"[[11, 0, 0], [0, 28011, 80], [0, 93, 27538]]",0.997193235,"[[1, 0, 0], [0, 6951, 22], [0, 17, 6904]]"
Chandigarh,Chandigarh,2019,Chandigarh_Chandigarh_SW,0.99573633,"[[0, 0, 0], [0, 34497, 124], [0, 115, 21319]]",0.995445164,"[[0, 0, 0], [0, 8619, 34], [0, 30, 5368]]"
Chandigarh,Chandigarh,2024,Chandigarh_Chandigarh_SW,0.996419665,"[[0, 0, 0], [0, 38336, 105], [0, 96, 17603]]",0.995283356,"[[0, 0, 0], [0, 9593, 31], [0, 35, 4334]]"
Chandigarh,Chandigarh,2019,Chandigarh_Chandigarh_W,0.995879687,"[[106, 0, 0], [0, 33554, 107], [0, 123, 21931]]",0.996569223,"[[28, 0, 0], [1, 8488, 21], [0, 26, 5427]]"
Chandigarh,Chandigarh,2024,Chandigarh_Chandigarh_W,0.996014868,"[[151, 0, 0], [5, 34319, 113], [0, 105, 21265]]",0.996316094,"[[39, 0, 0], [0, 8437, 32], [0, 19, 5317]]"
Chandigarh,Chandigarh,2019,Chandigarh_Chandigarh_NW,0.997319131,"[[6, 0, 0], [0, 19687, 85], [0, 65, 36109]]",0.998064377,"[[2, 0, 0], [0, 4952, 13], [0, 14, 8968]]"
Chandigarh,Chandigarh,2024,Chandigarh_Chandigarh_NW,0.996858153,"[[10, 0, 0], [0, 22924, 83], [0, 93, 32908]]",0.996395877,"[[8, 0, 0], [0, 5648, 28], [0, 22, 8167]]"
Raipur,Chhattisgarh,2019,Chhattisgarh_Raipur_C,0.990933495,"[[322, 73, 0], [219, 47978, 0], [0, 218, 7441]]",0.991333996,"[[88, 14, 0], [51, 12083, 0], [0, 57, 1785]]"
Raipur,Chhattisgarh,2024,Chhattisgarh_Raipur_C,0.997828545,"[[118, 4, 0], [0, 47761, 32], [0, 85, 7723]]",0.996862969,"[[31, 2, 0], [2, 11964, 12], [0, 28, 1987]]"
Raipur,Chhattisgarh,2019,Chhattisgarh_Raipur_N,0.995901714,"[[156, 0, 0], [12, 52183, 0], [0, 213, 2337]]",0.995381729,"[[42, 0, 0], [6, 13131, 0], [0, 58, 621]]"
Raipur,Chhattisgarh,2024,Chhattisgarh_Raipur_N,0.997220658,"[[121, 0, 0], [1, 52159, 5], [0, 147, 2616]]",0.997254534,"[[26, 0, 0], [1, 13109, 0], [0, 37, 668]]"
Raipur,Chhattisgarh,2019,Chhattisgarh_Raipur_NE,0.994174827,"[[142, 0, 0], [1, 44702, 0], [0, 325, 10794]]",0.994550409,"[[29, 0, 0], [0, 11047, 0], [0, 76, 2794]]"
Raipur,Chhattisgarh,2024,Chhattisgarh_Raipur_NE,0.996444157,"[[61, 0, 0], [0, 42059, 0], [0, 198, 13365]]",0.997011102,"[[25, 0, 0], [0, 10596, 0], [0, 42, 3389]]"
Raipur,Chhattisgarh,2019,Chhattisgarh_Raipur_E,0.99428163,"[[193, 0, 0], [0, 44593, 1], [0, 319, 10854]]",0.994008559,"[[62, 0, 0], [0, 11150, 0], [0, 84, 2724]]"
Raipur,Chhattisgarh,2024,Chhattisgarh_Raipur_E,0.997155177,"[[190, 0, 0], [0, 45534, 11], [0, 148, 10008]]",0.997287071,"[[43, 0, 0], [0, 11443, 5], [0, 33, 2483]]"
Raipur,Chhattisgarh,2019,Chhattisgarh_Raipur_SE,0.991519207,"[[131, 0, 0], [0, 47986, 0], [0, 474, 7300]]",0.992115261,"[[43, 0, 0], [0, 11973, 0], [0, 110, 1825]]"
Raipur,Chhattisgarh,2024,Chhattisgarh_Raipur_SE,0.997777658,"[[155, 0, 0], [0, 47816, 5], [0, 119, 7702]]",0.997699331,"[[55, 0, 0], [0, 11874, 1], [0, 31, 1948]]"
Raipur,Chhattisgarh,2019,Chhattisgarh_Raipur_S,0.995107352,"[[680, 8, 0], [39, 43471, 0], [0, 226, 11374]]",0.995230638,"[[160, 3, 0], [8, 10960, 0], [0, 56, 2861]]"
Raipur,Chhattisgarh,2024,Chhattisgarh_Raipur_S,0.997729484,"[[611, 0, 0], [3, 42008, 0], [0, 123, 12749]]",0.997706915,"[[160, 0, 0], [0, 10492, 0], [0, 32, 3271]]"
Raipur,Chhattisgarh,2019,Chhattisgarh_Raipur_SW,0.992345377,"[[153, 0, 0], [11, 46650, 0], [0, 414, 8294]]",0.992044376,"[[43, 0, 0], [6, 11438, 0], [0, 103, 2111]]"
Raipur,Chhattisgarh,2024,Chhattisgarh_Raipur_SW,0.999582978,"[[82, 0, 0], [0, 41062, 7], [0, 16, 13986]]",0.999282485,"[[22, 0, 0], [0, 10350, 3], [0, 7, 3555]]"
Raipur,Chhattisgarh,2019,Chhattisgarh_Raipur_W,0.994860683,"[[178, 4, 0], [8, 45146, 0], [0, 275, 10233]]",0.995107562,"[[42, 2, 0], [5, 11138, 0], [0, 61, 2651]]"
Raipur,Chhattisgarh,2024,Chhattisgarh_Raipur_W,0.997139413,"[[96, 2, 0], [0, 45987, 17], [0, 140, 9341]]",0.997312778,"[[31, 1, 0], [0, 11688, 4], [0, 33, 2384]]"
Raipur,Chhattisgarh,2019,Chhattisgarh_Raipur_NW,0.996267026,"[[109, 0, 0], [0, 52071, 0], [0, 205, 2531]]",0.995821727,"[[31, 0, 0], [0, 12877, 0], [0, 57, 677]]"
Raipur,Chhattisgarh,2024,Chhattisgarh_Raipur_NW,0.996863317,"[[107, 0, 0], [0, 50874, 6], [0, 166, 3682]]",0.997781065,"[[18, 0, 0], [0, 12587, 1], [0, 29, 885]]"
Delhi,Delhi,2019,Delhi_Delhi_C,0.996474462,"[[100, 0, 0], [0, 41266, 125], [0, 72, 14315]]",0.996046294,"[[17, 0, 0], [0, 10314, 37], [0, 18, 3525]]"
Delhi,Delhi,2024,Delhi_Delhi_C,0.997086855,"[[106, 0, 0], [0, 39451, 97], [0, 65, 15891]]",0.997379975,"[[28, 0, 0], [1, 10034, 24], [0, 12, 4023]]"
Delhi,Delhi,2019,Delhi_Delhi_N,0.997597847,"[[1034, 0, 0], [15, 34126, 43], [0, 75, 20074]]",0.997791079,"[[304, 0, 0], [4, 8566, 7], [0, 20, 5133]]"
Delhi,Delhi,2024,Delhi_Delhi_N,0.996845994,"[[1370, 0, 0], [18, 30924, 96], [0, 61, 23016]]",0.996214826,"[[342, 0, 0], [6, 7711, 27], [0, 20, 5896]]"
Delhi,Delhi,2019,Delhi_Delhi_NE,0.998906732,"[[607, 0, 0], [3, 40382, 26], [0, 32, 14746]]",0.998299199,"[[185, 0, 0], [0, 10261, 16], [0, 8, 3641]]"
Delhi,Delhi,2024,Delhi_Delhi_NE,0.996848589,"[[470, 0, 0], [21, 39528, 108], [0, 47, 15674]]",0.996809745,"[[112, 0, 0], [5, 9785, 25], [0, 14, 3851]]"
Delhi,Delhi,2019,Delhi_Delhi_E,0.997096064,"[[1932, 0, 0], [6, 36947, 66], [0, 89, 16402]]",0.997197068,"[[480, 0, 0], [0, 9298, 16], [0, 23, 4097]]"
Delhi,Delhi,2024,Delhi_Delhi_E,0.997379739,"[[1527, 0, 0], [17, 34601, 95], [0, 33, 19065]]",0.997831743,"[[346, 0, 0], [2, 8789, 20], [0, 8, 4671]]"
Delhi,Delhi,2019,Delhi_Delhi_SE,0.996620578,"[[1717, 0, 0], [1, 28351, 80], [0, 105, 24785]]",0.996885187,"[[401, 0, 0], [0, 7184, 16], [0, 27, 6177]]"
Delhi,Delhi,2024,Delhi_Delhi_SE,0.996099957,"[[2424, 0, 0], [7, 26004, 128], [0, 81, 26740]]",0.996768033,"[[620, 0, 0], [0, 6363, 26], [0, 18, 6587]]"
Delhi,Delhi,2019,Delhi_Delhi_S,0.996328616,"[[4, 2, 0], [0, 24328, 98], [0, 107, 31843]]",0.996556671,"[[1, 0, 0], [0, 6082, 18], [0, 30, 7809]]"
Delhi,Delhi,2024,Delhi_Delhi_S,0.996756297,"[[0, 0, 0], [0, 23854, 97], [0, 86, 32380]]",0.996396137,"[[0, 0, 0], [0, 5921, 29], [0, 21, 7903]]"
Delhi,Delhi,2019,Delhi_Delhi_SW,0.99508335,"[[0, 0, 0], [0, 22685, 189], [0, 85, 32770]]",0.994573367,"[[0, 0, 0], [0, 5690, 52], [0, 24, 8239]]"
Delhi,Delhi,2024,Delhi_Delhi_SW,0.997202396,"[[0, 1, 0], [0, 22373, 83], [0, 72, 33233]]",0.997074563,"[[0, 0, 0], [0, 5620, 25], [0, 16, 8354]]"
Delhi,Delhi,2019,Delhi_Delhi_W,0.996321154,"[[0, 0, 0], [0, 40409, 119], [0, 86, 15110]]",0.996372688,"[[0, 0, 0], [0, 10284, 26], [0, 25, 3725]]"
Delhi,Delhi,2024,Delhi_Delhi_W,0.996821202,"[[0, 0, 0], [0, 38040, 106], [0, 72, 17778]]",0.996522747,"[[0, 0, 0], [0, 9381, 34], [0, 14, 4375]]"
Delhi,Delhi,2019,Delhi_Delhi_NW,0.996721253,"[[0, 0, 0], [0, 41791, 94], [0, 89, 13840]]",0.996926596,"[[0, 0, 0], [0, 10508, 25], [0, 18, 3440]]"
Delhi,Delhi,2024,Delhi_Delhi_NW,0.997294925,"[[0, 0, 0], [0, 39669, 81], [0, 70, 16001]]",0.996844521,"[[0, 1, 0], [0, 9926, 20], [0, 23, 3974]]"
Ahmedabad,Gujarat,2019,Gujarat_Ahmedabad_C,0.997986816,"[[0, 0, 0], [0, 54376, 7], [0, 106, 1641]]",0.997650744,"[[0, 0, 0], [0, 13612, 4], [0, 29, 402]]"
Ahmedabad,Gujarat,2024,Gujarat_Ahmedabad_C,0.997777114,"[[100, 0, 0], [0, 48919, 28], [0, 91, 4396]]",0.997257634,"[[27, 0, 0], [0, 12337, 6], [0, 31, 1091]]"
Ahmedabad,Gujarat,2019,Gujarat_Ahmedabad_N,0.997563292,"[[3, 3, 0], [1, 52447, 9], [0, 123, 3227]]",0.997552724,"[[0, 0, 0], [0, 13029, 5], [0, 29, 830]]"
Ahmedabad,Gujarat,2024,Gujarat_Ahmedabad_N,0.997365049,"[[1590, 0, 0], [2, 48437, 26], [0, 118, 5236]]",0.996560808,"[[407, 0, 0], [1, 11952, 3], [0, 43, 1260]]"
Ahmedabad,Gujarat,2019,Gujarat_Ahmedabad_NE,0.998242089,"[[0, 0, 0], [0, 48221, 32], [0, 66, 7429]]",0.99856084,"[[0, 0, 0], [0, 12043, 10], [0, 10, 1834]]"
Ahmedabad,Gujarat,2024,Gujarat_Ahmedabad_NE,0.998607016,"[[823, 0, 0], [0, 44383, 11], [0, 66, 9994]]",0.998258851,"[[219, 0, 0], [1, 11082, 1], [0, 22, 2459]]"
Ahmedabad,Gujarat,2019,Gujarat_Ahmedabad_E,0.99792347,"[[0, 1, 0], [0, 55268, 2], [0, 114, 959]]",0.998431708,"[[0, 0, 0], [0, 13750, 0], [0, 22, 256]]"
Ahmedabad,Gujarat,2024,Gujarat_Ahmedabad_E,0.997801491,"[[441, 0, 0], [0, 52829, 27], [0, 96, 2554]]",0.997110438,"[[94, 0, 0], [1, 13393, 10], [0, 30, 661]]"
Ahmedabad,Gujarat,2019,Gujarat_Ahmedabad_SE,0.998476894,"[[0, 0, 0], [0, 53125, 0], [0, 85, 2597]]",0.998936246,"[[0, 0, 0], [0, 13425, 0], [0, 15, 661]]"
Ahmedabad,Gujarat,2024,Gujarat_Ahmedabad_SE,0.997748311,"[[0, 0, 0], [0, 52534, 6], [0, 120, 3298]]",0.997408767,"[[0, 0, 0], [0, 13069, 0], [0, 36, 788]]"
Ahmedabad,Gujarat,2019,Gujarat_Ahmedabad_S,0.998726858,"[[0, 0, 0], [0, 51862, 12], [0, 60, 4619]]",0.998657054,"[[0, 0, 0], [0, 12917, 3], [0, 16, 1212]]"
Ahmedabad,Gujarat,2024,Gujarat_Ahmedabad_S,0.997951326,"[[0, 0, 0], [0, 50393, 20], [0, 96, 6113]]",0.997866894,"[[0, 0, 0], [0, 12520, 2], [0, 28, 1514]]"
Ahmedabad,Gujarat,2019,Gujarat_Ahmedabad_SW,0.998667922,"[[0, 0, 0], [0, 43436, 12], [0, 63, 12792]]",0.998379483,"[[0, 0, 0], [0, 10881, 3], [0, 20, 3289]]"
Ahmedabad,Gujarat,2024,Gujarat_Ahmedabad_SW,0.998614072,"[[0, 0, 0], [0, 36125, 7], [0, 71, 20077]]",0.998649609,"[[0, 0, 0], [0, 9049, 2], [0, 17, 5002]]"
Ahmedabad,Gujarat,2019,Gujarat_Ahmedabad_W,0.996939104,"[[0, 0, 0], [0, 50354, 51], [0, 120, 5341]]",0.997049511,"[[0, 0, 0], [0, 12549, 11], [0, 30, 1306]]"
Ahmedabad,Gujarat,2024,Gujarat_Ahmedabad_W,0.99650594,"[[17, 21, 0], [2, 46757, 58], [0, 114, 8840]]",0.996408562,"[[2, 9, 0], [0, 11638, 12], [0, 29, 2232]]"
Ahmedabad,Gujarat,2019,Gujarat_Ahmedabad_NW,0.997900132,"[[0, 0, 0], [0, 51590, 36], [0, 82, 4486]]",0.997223765,"[[0, 0, 0], [0, 13234, 7], [0, 33, 1134]]"
Ahmedabad,Gujarat,2024,Gujarat_Ahmedabad_NW,0.996548611,"[[0, 2, 0], [0, 47841, 35], [0, 158, 8463]]",0.997146729,"[[0, 3, 0], [0, 11937, 12], [0, 25, 2042]]"
Rajkot,Gujarat,2019,Gujarat_Rajkot_C,0.997754171,"[[2, 0, 0], [0, 50639, 15], [0, 111, 5337]]",0.997728563,"[[0, 0, 0], [0, 12742, 2], [0, 30, 1314]]"
Rajkot,Gujarat,2024,Gujarat_Rajkot_C,0.997265024,"[[0, 1, 0], [0, 48720, 32], [0, 120, 7069]]",0.997888365,"[[0, 1, 0], [0, 12357, 7], [0, 22, 1820]]"
Rajkot,Gujarat,2019,Gujarat_Rajkot_N,0.997596887,"[[0, 0, 0], [0, 31975, 41], [0, 93, 23652]]",0.997631012,"[[0, 0, 0], [0, 8045, 6], [0, 27, 5852]]"
Rajkot,Gujarat,2024,Gujarat_Rajkot_N,0.998096469,"[[0, 0, 0], [0, 26234, 65], [0, 41, 29346]]",0.99778429,"[[0, 0, 0], [0, 6623, 14], [0, 17, 7337]]"
Rajkot,Gujarat,2019,Gujarat_Rajkot_NE,0.997662342,"[[0, 0, 0], [0, 52647, 2], [0, 129, 3261]]",0.997509074,"[[0, 0, 0], [0, 13173, 0], [0, 35, 843]]"
Rajkot,Gujarat,2024,Gujarat_Rajkot_NE,0.998335422,"[[63, 0, 0], [0, 48115, 14], [0, 79, 7599]]",0.998721228,"[[28, 0, 0], [0, 12096, 2], [0, 16, 1934]]"
Rajkot,Gujarat,2019,Gujarat_Rajkot_E,0.998374483,"[[3016, 0, 0], [0, 42417, 26], [0, 64, 9844]]",0.998772918,"[[765, 0, 0], [0, 10624, 6], [0, 11, 2448]]"
Rajkot,Gujarat,2024,Gujarat_Rajkot_E,0.99776052,"[[4903, 0, 0], [0, 35807, 38], [0, 86, 14536]]",0.99840244,"[[1248, 0, 0], [0, 8898, 6], [0, 16, 3603]]"
Rajkot,Gujarat,2019,Gujarat_Rajkot_SE,0.997767244,"[[9940, 0, 0], [0, 36273, 9], [0, 113, 8306]]",0.997930372,"[[2504, 0, 0], [0, 8913, 2], [0, 26, 2084]]"
Rajkot,Gujarat,2024,Gujarat_Rajkot_SE,0.998241001,"[[12320, 0, 0], [3, 29072, 39], [0, 55, 13656]]",0.997975855,"[[3088, 0, 0], [1, 7270, 10], [0, 17, 3447]]"
Rajkot,Gujarat,2019,Gujarat_Rajkot_S,0.998180869,"[[12, 0, 0], [0, 51771, 30], [0, 71, 3637]]",0.998416127,"[[4, 0, 0], [0, 12966, 3], [0, 19, 898]]"
Rajkot,Gujarat,2024,Gujarat_Rajkot_S,0.998431783,"[[79, 0, 0], [0, 50875, 7], [0, 80, 4436]]",0.998414529,"[[15, 0, 0], [0, 12702, 5], [0, 17, 1137]]"
Rajkot,Gujarat,2019,Gujarat_Rajkot_SW,0.998295964,"[[0, 0, 0], [0, 52429, 11], [0, 84, 3226]]",0.998853786,"[[0, 0, 0], [0, 13114, 3], [0, 13, 829]]"
Rajkot,Gujarat,2024,Gujarat_Rajkot_SW,0.997720869,"[[16, 0, 0], [0, 50071, 8], [0, 119, 5509]]",0.998058392,"[[4, 0, 0], [0, 12438, 3], [0, 24, 1437]]"
Rajkot,Gujarat,2019,Gujarat_Rajkot_W,0.99831375,"[[0, 0, 0], [0, 49951, 22], [0, 72, 5700]]",0.998360889,"[[0, 0, 0], [0, 12600, 7], [0, 16, 1409]]"
Rajkot,Gujarat,2024,Gujarat_Rajkot_W,0.997758772,"[[9, 0, 0], [0, 48864, 5], [0, 120, 6775]]",0.997697013,"[[4, 0, 0], [0, 12221, 2], [0, 30, 1638]]"
Rajkot,Gujarat,2019,Gujarat_Rajkot_NW,0.988186265,"[[594, 336, 0], [237, 35859, 32], [0, 64, 19507]]",0.987626949,"[[150, 81, 0], [62, 8876, 12], [0, 18, 4783]]"
Rajkot,Gujarat,2024,Gujarat_Rajkot_NW,0.998405704,"[[154, 1, 0], [2, 29965, 35], [0, 51, 25616]]",0.998719408,"[[44, 0, 0], [0, 7552, 8], [0, 10, 6442]]"
Surat,Gujarat,2019,Gujarat_Surat_C,0.997685227,"[[1, 0, 0], [0, 53990, 13], [0, 116, 1609]]",0.99718012,"[[0, 0, 0], [0, 13703, 3], [0, 37, 442]]"
Surat,Gujarat,2024,Gujarat_Surat_C,0.997565516,"[[308, 0, 0], [0, 51969, 31], [0, 105, 3451]]",0.99790991,"[[76, 0, 0], [0, 12916, 6], [0, 23, 854]]"
Surat,Gujarat,2019,Gujarat_Surat_N,0.999061964,"[[13, 0, 0], [0, 50896, 7], [0, 46, 5539]]",0.999357785,"[[2, 0, 0], [0, 12631, 3], [0, 6, 1372]]"
Surat,Gujarat,2024,Gujarat_Surat_N,0.997317152,"[[2396, 0, 0], [23, 47027, 51], [0, 75, 5966]]",0.997611119,"[[611, 0, 0], [3, 11725, 10], [0, 20, 1445]]"
Surat,Gujarat,2019,Gujarat_Surat_NE,0.99894609,"[[1, 0, 0], [0, 46028, 22], [0, 37, 9894]]",0.998710694,"[[0, 0, 0], [0, 11491, 6], [0, 12, 2452]]"
Surat,Gujarat,2024,Gujarat_Surat_NE,0.998105719,"[[4523, 0, 0], [19, 41645, 27], [0, 59, 9157]]",0.998336106,"[[1176, 0, 0], [1, 10347, 5], [0, 17, 2277]]"
Surat,Gujarat,2019,Gujarat_Surat_E,0.997759323,"[[0, 0, 0], [0, 45660, 31], [0, 95, 10447]]",0.997955154,"[[0, 0, 0], [0, 11566, 3], [0, 26, 2587]]"
Surat,Gujarat,2024,Gujarat_Surat_E,0.997246647,"[[34, 0, 0], [0, 44396, 42], [0, 113, 11710]]",0.997287652,"[[8, 0, 0], [0, 11082, 9], [0, 29, 2882]]"
Surat,Gujarat,2019,Gujarat_Surat_SE,0.996027466,"[[115, 0, 0], [0, 42382, 12], [0, 209, 12914]]",0.996784796,"[[21, 0, 0], [0, 10790, 4], [0, 41, 3140]]"
Surat,Gujarat,2024,Gujarat_Surat_SE,0.996216245,"[[235, 0, 0], [0, 40935, 18], [0, 194, 14647]]",0.996276285,"[[44, 0, 0], [0, 9978, 6], [0, 45, 3623]]"
Surat,Gujarat,2019,Gujarat_Surat_S,0.997447522,"[[49, 0, 0], [0, 49818, 11], [0, 132, 6014]]",0.998007259,"[[12, 0, 0], [0, 12427, 2], [0, 26, 1584]]"
Surat,Gujarat,2024,Gujarat_Surat_S,0.997623727,"[[153, 0, 0], [0, 44175, 51], [0, 82, 11509]]",0.997737717,"[[37, 0, 0], [0, 11135, 15], [0, 17, 2941]]"
Surat,Gujarat,2019,Gujarat_Surat_SW,0.997644859,"[[8, 0, 0], [0, 49268, 22], [0, 109, 6216]]",0.997410817,"[[1, 0, 0], [0, 12389, 9], [0, 27, 1478]]"
Surat,Gujarat,2024,Gujarat_Surat_SW,0.99716658,"[[30, 0, 0], [0, 43651, 21], [0, 137, 11924]]",0.996896651,"[[12, 0, 0], [0, 10900, 6], [0, 37, 2901]]"
Surat,Gujarat,2019,Gujarat_Surat_W,0.996944519,"[[5, 6, 0], [0, 46951, 51], [0, 114, 8838]]",0.996946023,"[[1, 4, 0], [0, 11738, 7], [0, 32, 2298]]"
Surat,Gujarat,2024,Gujarat_Surat_W,0.996049,"[[3148, 0, 0], [1, 36160, 105], [0, 113, 15902]]",0.996361255,"[[797, 0, 0], [0, 8949, 26], [0, 24, 3945]]"
Surat,Gujarat,2019,Gujarat_Surat_NW,0.998758636,"[[341, 0, 0], [6, 44386, 0], [0, 63, 10788]]",0.9992018,"[[80, 0, 0], [0, 10950, 0], [0, 11, 2740]]"
Surat,Gujarat,2024,Gujarat_Surat_NW,0.998088713,"[[3027, 0, 0], [28, 39805, 9], [0, 69, 12522]]",0.997932264,"[[781, 0, 0], [10, 10021, 2], [0, 17, 3194]]"
Vadodara,Gujarat,2019,Gujarat_Vadodara_C,0.997460431,"[[51, 0, 0], [0, 43389, 48], [0, 94, 12333]]",0.996905584,"[[12, 0, 0], [0, 10853, 17], [0, 26, 2988]]"
Vadodara,Gujarat,2024,Gujarat_Vadodara_C,0.997243552,"[[0, 2, 0], [0, 41460, 71], [0, 81, 14255]]",0.997131588,"[[0, 0, 0], [0, 10359, 27], [0, 13, 3546]]"
Vadodara,Gujarat,2019,Gujarat_Vadodara_N,0.998068531,"[[28, 0, 0], [0, 40284, 57], [0, 51, 15496]]",0.99801812,"[[7, 0, 0], [0, 10128, 18], [0, 10, 3965]]"
Vadodara,Gujarat,2024,Gujarat_Vadodara_N,0.997680518,"[[29, 1, 0], [0, 39965, 30], [0, 99, 15923]]",0.997000214,"[[6, 0, 0], [0, 10070, 4], [0, 38, 3883]]"
Vadodara,Gujarat,2019,Gujarat_Vadodara_NE,0.997267808,"[[88, 0, 0], [2, 38781, 56], [0, 95, 16977]]",0.99724857,"[[32, 0, 0], [1, 9569, 21], [0, 16, 4172]]"
Vadodara,Gujarat,2024,Gujarat_Vadodara_NE,0.996820607,"[[93, 0, 0], [19, 36489, 27], [0, 131, 18912]]",0.997081643,"[[28, 0, 0], [5, 9225, 6], [0, 30, 4755]]"
Vadodara,Gujarat,2019,Gujarat_Vadodara_E,0.998193054,"[[22, 0, 0], [0, 53592, 3], [0, 97, 1628]]",0.998847843,"[[9, 0, 0], [0, 13414, 1], [0, 15, 448]]"
Vadodara,Gujarat,2024,Gujarat_Vadodara_E,0.997700816,"[[11, 5, 0], [0, 52110, 1], [0, 121, 2989]]",0.997495886,"[[3, 1, 0], [0, 13137, 0], [0, 34, 802]]"
Vadodara,Gujarat,2019,Gujarat_Vadodara_SE,0.997322552,"[[50, 0, 0], [0, 41343, 39], [0, 110, 14108]]",0.998641402,"[[19, 0, 0], [0, 10286, 8], [0, 11, 3661]]"
Vadodara,Gujarat,2024,Gujarat_Vadodara_SE,0.996735075,"[[0, 4, 0], [0, 37503, 50], [0, 128, 18059]]",0.996987952,"[[0, 1, 0], [0, 9467, 14], [0, 27, 4435]]"
Vadodara,Gujarat,2019,Gujarat_Vadodara_S,0.997714882,"[[11, 0, 0], [0, 40930, 45], [0, 82, 14509]]",0.99766636,"[[3, 0, 0], [0, 10341, 16], [0, 17, 3764]]"
Vadodara,Gujarat,2024,Gujarat_Vadodara_S,0.996086246,"[[0, 0, 0], [0, 40453, 83], [0, 135, 15030]]",0.99516943,"[[0, 0, 0], [0, 10041, 27], [0, 40, 3762]]"
Vadodara,Gujarat,2019,Gujarat_Vadodara_SW,0.997491399,"[[0, 0, 0], [0, 26481, 71], [0, 69, 29187]]",0.996429592,"[[0, 0, 0], [0, 6601, 21], [0, 29, 7353]]"
Vadodara,Gujarat,2024,Gujarat_Vadodara_SW,0.996831875,"[[14, 0, 0], [0, 28799, 93], [0, 84, 26879]]",0.996039461,"[[1, 0, 0], [0, 7093, 30], [0, 25, 6738]]"
Vadodara,Gujarat,2019,Gujarat_Vadodara_W,0.997709254,"[[0, 0, 0], [0, 41526, 16], [0, 112, 14223]]",0.997917714,"[[0, 0, 0], [0, 10341, 3], [0, 26, 3557]]"
Vadodara,Gujarat,2024,Gujarat_Vadodara_W,0.996893685,"[[0, 0, 0], [0, 41278, 38], [0, 135, 14242]]",0.996166951,"[[0, 0, 0], [0, 10416, 7], [0, 47, 3618]]"
Vadodara,Gujarat,2019,Gujarat_Vadodara_NW,0.996052845,"[[4, 17, 0], [0, 30486, 122], [0, 80, 24774]]",0.995847652,"[[2, 7, 0], [0, 7651, 30], [0, 21, 6257]]"
Vadodara,Gujarat,2024,Gujarat_Vadodara_NW,0.998152367,"[[12, 0, 0], [0, 31831, 39], [0, 64, 23801]]",0.998393692,"[[6, 0, 0], [0, 7957, 9], [0, 13, 5711]]"
Faridabad,Haryana,2019,Haryana_Faridabad_C,0.997214634,"[[0, 0, 0], [0, 45794, 45], [0, 111, 10057]]",0.997560976,"[[0, 0, 0], [0, 11426, 11], [0, 23, 2480]]"
Faridabad,Haryana,2024,Haryana_Faridabad_C,0.996841316,"[[0, 0, 0], [0, 45791, 44], [0, 133, 10068]]",0.997203098,"[[0, 0, 0], [0, 11470, 8], [0, 31, 2435]]"
Faridabad,Haryana,2019,Haryana_Faridabad_N,0.996984405,"[[10, 0, 0], [0, 39895, 99], [0, 70, 15968]]",0.996824251,"[[6, 0, 0], [0, 9883, 24], [0, 20, 3922]]"
Faridabad,Haryana,2024,Haryana_Faridabad_N,0.998094152,"[[0, 3, 0], [0, 44155, 27], [0, 77, 11881]]",0.997976732,"[[0, 0, 0], [0, 10863, 5], [0, 23, 2948]]"
Faridabad,Haryana,2019,Haryana_Faridabad_NE,0.996622467,"[[142, 0, 0], [2, 28899, 0], [0, 187, 26728]]",0.996796469,"[[33, 0, 0], [1, 7321, 0], [0, 44, 6648]]"
Faridabad,Haryana,2024,Haryana_Faridabad_NE,0.996316825,"[[15, 0, 0], [0, 14026, 149], [0, 57, 41683]]",0.996687788,"[[2, 0, 0], [0, 3451, 34], [0, 12, 10389]]"
Faridabad,Haryana,2019,Haryana_Faridabad_E,0.997560626,"[[0, 0, 0], [0, 35899, 26], [0, 110, 19717]]",0.997682503,"[[0, 0, 0], [0, 8818, 5], [0, 27, 4958]]"
Faridabad,Haryana,2024,Haryana_Faridabad_E,0.99750525,"[[0, 0, 0], [0, 38357, 26], [0, 113, 17221]]",0.997842348,"[[0, 0, 0], [0, 9546, 7], [0, 23, 4328]]"
Faridabad,Haryana,2019,Haryana_Faridabad_SE,0.997599616,"[[0, 2, 0], [0, 30660, 35], [0, 98, 25446]]",0.998150256,"[[0, 0, 0], [0, 7720, 8], [0, 18, 6310]]"
Faridabad,Haryana,2024,Haryana_Faridabad_SE,0.997040004,"[[0, 0, 0], [0, 33356, 30], [0, 137, 22896]]",0.997624703,"[[0, 0, 0], [0, 8155, 8], [0, 25, 5705]]"
Faridabad,Haryana,2019,Haryana_Faridabad_S,0.997225875,"[[0, 0, 0], [0, 48931, 68], [0, 86, 6428]]",0.998273754,"[[0, 0, 0], [0, 12297, 7], [0, 17, 1582]]"
Faridabad,Haryana,2024,Haryana_Faridabad_S,0.997911039,"[[0, 1, 0], [0, 48238, 54], [0, 61, 7176]]",0.99840093,"[[0, 0, 0], [0, 12005, 6], [0, 16, 1731]]"
Faridabad,Haryana,2019,Haryana_Faridabad_SW,0.998449612,"[[23, 0, 0], [0, 29498, 9], [0, 78, 26507]]",0.998693,"[[9, 0, 0], [0, 7197, 2], [0, 16, 6548]]"
Faridabad,Haryana,2024,Haryana_Faridabad_SW,0.998034521,"[[7, 0, 0], [0, 35650, 24], [0, 86, 20199]]",0.998216197,"[[1, 0, 0], [0, 8908, 6], [0, 19, 5081]]"
Faridabad,Haryana,2019,Haryana_Faridabad_W,0.994799232,"[[0, 0, 0], [0, 42798, 1], [0, 289, 12673]]",0.994215525,"[[0, 0, 0], [0, 10721, 0], [0, 81, 3201]]"
Faridabad,Haryana,2024,Haryana_Faridabad_W,0.995930222,"[[60, 0, 0], [0, 43575, 0], [0, 227, 11915]]",0.996860507,"[[8, 0, 0], [0, 10917, 0], [0, 44, 3046]]"
Faridabad,Haryana,2019,Haryana_Faridabad_NW,0.996488588,"[[82, 0, 0], [0, 33618, 47], [0, 149, 21922]]",0.995961927,"[[16, 0, 0], [0, 8338, 11], [0, 45, 5458]]"
Faridabad,Haryana,2024,Haryana_Faridabad_NW,0.996548209,"[[136, 0, 0], [1, 38840, 6], [0, 186, 16744]]",0.995882395,"[[32, 0, 0], [0, 9640, 1], [0, 56, 4114]]"
Dhanbad,Jharkhand,2019,Jharkhand_Dhanbad_C,0.994016987,"[[286, 39, 0], [98, 50190, 8], [0, 191, 5347]]",0.993861966,"[[76, 7, 0], [18, 12475, 1], [0, 60, 1374]]"
Dhanbad,Jharkhand,2024,Jharkhand_Dhanbad_C,0.99616277,"[[41, 15, 0], [11, 37965, 85], [0, 104, 17809]]",0.99650025,"[[8, 2, 0], [1, 9475, 22], [0, 24, 4469]]"
Dhanbad,Jharkhand,2019,Jharkhand_Dhanbad_N,0.994048998,"[[44, 0, 0], [0, 53009, 0], [0, 334, 2738]]",0.993869404,"[[13, 0, 0], [0, 13161, 0], [0, 86, 768]]"
Dhanbad,Jharkhand,2024,Jharkhand_Dhanbad_N,0.997010357,"[[65, 0, 0], [0, 33796, 46], [0, 122, 22165]]",0.997205102,"[[20, 0, 0], [0, 8355, 9], [0, 30, 5540]]"
Dhanbad,Jharkhand,2019,Jharkhand_Dhanbad_NE,0.99298364,"[[10, 0, 0], [0, 53591, 0], [0, 395, 2301]]",0.993884012,"[[4, 0, 0], [0, 13204, 0], [0, 85, 605]]"
Dhanbad,Jharkhand,2024,Jharkhand_Dhanbad_NE,0.99778765,"[[0, 0, 0], [0, 33528, 16], [0, 108, 22397]]",0.998374443,"[[0, 0, 0], [0, 8424, 1], [0, 22, 5702]]"
Dhanbad,Jharkhand,2019,Jharkhand_Dhanbad_E,0.996163455,"[[0, 3, 0], [0, 47304, 3], [0, 209, 8521]]",0.997256612,"[[0, 1, 0], [0, 12116, 0], [0, 38, 2061]]"
Dhanbad,Jharkhand,2024,Jharkhand_Dhanbad_E,0.996540101,"[[14, 2, 0], [0, 26842, 74], [0, 118, 29021]]",0.995903376,"[[1, 0, 0], [0, 6779, 25], [0, 33, 7320]]"
Dhanbad,Jharkhand,2019,Jharkhand_Dhanbad_SE,0.992986242,"[[25, 0, 0], [0, 45876, 0], [0, 390, 9314]]",0.993019072,"[[6, 0, 0], [0, 11499, 0], [0, 97, 2293]]"
Dhanbad,Jharkhand,2024,Jharkhand_Dhanbad_SE,0.994268618,"[[9, 8, 0], [0, 20583, 276], [0, 34, 34574]]",0.993163367,"[[2, 4, 0], [0, 5182, 81], [0, 11, 8762]]"
Dhanbad,Jharkhand,2019,Jharkhand_Dhanbad_S,0.993519002,"[[75, 0, 0], [2, 54000, 0], [0, 358, 1112]]",0.993809177,"[[18, 0, 0], [1, 13350, 0], [0, 84, 277]]"
Dhanbad,Jharkhand,2024,Jharkhand_Dhanbad_S,0.997976403,"[[364, 0, 0], [5, 46703, 28], [0, 79, 8168]]",0.998105509,"[[80, 0, 0], [0, 11563, 11], [0, 15, 2055]]"
Dhanbad,Jharkhand,2019,Jharkhand_Dhanbad_SW,0.992437443,"[[0, 4, 0], [0, 52247, 0], [0, 417, 3001]]",0.992813511,"[[0, 2, 0], [0, 13054, 0], [0, 98, 761]]"
Dhanbad,Jharkhand,2024,Jharkhand_Dhanbad_SW,0.992225654,"[[14, 0, 0], [0, 29672, 344], [0, 89, 25577]]",0.993593435,"[[5, 0, 0], [0, 7430, 68], [0, 21, 6368]]"
Dhanbad,Jharkhand,2019,Jharkhand_Dhanbad_W,0.994858565,"[[163, 0, 0], [3, 54030, 0], [0, 282, 954]]",0.995556511,"[[43, 0, 0], [0, 13613, 0], [0, 62, 235]]"
Dhanbad,Jharkhand,2024,Jharkhand_Dhanbad_W,0.995664248,"[[56, 0, 0], [0, 42147, 91], [0, 151, 13370]]",0.996262757,"[[18, 0, 0], [0, 10546, 17], [0, 35, 3298]]"
Dhanbad,Jharkhand,2019,Jharkhand_Dhanbad_NW,0.995561023,"[[9, 0, 0], [0, 51716, 1], [0, 248, 4120]]",0.994848271,"[[1, 0, 0], [0, 13016, 1], [0, 72, 1080]]"
Dhanbad,Jharkhand,2024,Jharkhand_Dhanbad_NW,0.996885179,"[[20, 0, 0], [0, 25650, 90], [0, 85, 30338]]",0.996585817,"[[3, 0, 0], [0, 6537, 27], [0, 21, 7471]]"
Ranchi,Jharkhand,2019,Jharkhand_Ranchi_C,0.997094483,"[[19, 0, 0], [3, 37749, 11], [0, 148, 17826]]",0.996066652,"[[9, 0, 0], [0, 9325, 3], [0, 52, 4594]]"
Ranchi,Jharkhand,2024,Jharkhand_Ranchi_C,0.996043397,"[[43, 0, 0], [0, 28532, 121], [0, 100, 27060]]",0.996532042,"[[14, 0, 0], [0, 7114, 31], [0, 17, 6665]]"
Ranchi,Jharkhand,2019,Jharkhand_Ranchi_N,0.995878459,"[[10, 0, 0], [0, 50290, 0], [0, 231, 5516]]",0.996165256,"[[1, 0, 0], [0, 12406, 0], [0, 53, 1361]]"
Ranchi,Jharkhand,2024,Jharkhand_Ranchi_N,0.99617939,"[[11, 0, 0], [0, 38954, 70], [0, 144, 16833]]",0.996472028,"[[4, 0, 0], [0, 9757, 19], [0, 30, 4079]]"
Ranchi,Jharkhand,2019,Jharkhand_Ranchi_NE,0.997860213,"[[30, 0, 0], [0, 45845, 10], [0, 109, 9619]]",0.997366548,"[[10, 0, 0], [0, 11563, 1], [0, 36, 2440]]"
Ranchi,Jharkhand,2024,Jharkhand_Ranchi_NE,0.997845369,"[[13, 0, 0], [0, 39699, 50], [0, 70, 15862]]",0.998279693,"[[0, 0, 0], [0, 9982, 5], [0, 19, 3945]]"
Ranchi,Jharkhand,2019,Jharkhand_Ranchi_E,0.995523724,"[[22, 0, 0], [0, 49077, 0], [0, 250, 6501]]",0.995636312,"[[6, 0, 0], [0, 12276, 0], [0, 61, 1636]]"
Ranchi,Jharkhand,2024,Jharkhand_Ranchi_E,0.996114036,"[[29, 0, 0], [0, 38382, 13], [0, 204, 17214]]",0.996560866,"[[11, 0, 0], [0, 9548, 2], [0, 46, 4350]]"
Ranchi,Jharkhand,2019,Jharkhand_Ranchi_SE,0.996990366,"[[96, 0, 0], [0, 42457, 7], [0, 162, 13431]]",0.997351657,"[[19, 0, 0], [0, 10635, 2], [0, 35, 3280]]"
Ranchi,Jharkhand,2024,Jharkhand_Ranchi_SE,0.993837745,"[[121, 0, 0], [0, 32880, 48], [0, 297, 22640]]",0.994166607,"[[30, 0, 0], [0, 8195, 11], [0, 71, 5750]]"
Ranchi,Jharkhand,2019,Jharkhand_Ranchi_S,0.996142685,"[[13, 0, 0], [0, 48448, 0], [0, 214, 6804]]",0.996171299,"[[3, 0, 0], [0, 12275, 0], [0, 54, 1772]]"
Ranchi,Jharkhand,2024,Jharkhand_Ranchi_S,0.994262487,"[[0, 0, 0], [0, 39003, 7], [0, 312, 16277]]",0.994116381,"[[0, 0, 0], [0, 9779, 2], [0, 80, 4076]]"
Ranchi,Jharkhand,2019,Jharkhand_Ranchi_SW,0.996487913,"[[792, 0, 0], [0, 42544, 42], [0, 155, 12559]]",0.997045258,"[[209, 0, 0], [0, 10491, 10], [0, 31, 3135]]"
Ranchi,Jharkhand,2024,Jharkhand_Ranchi_SW,0.993891407,"[[572, 0, 0], [0, 34096, 54], [0, 287, 20814]]",0.994701797,"[[143, 0, 0], [0, 8498, 11], [0, 63, 5252]]"
Ranchi,Jharkhand,2019,Jharkhand_Ranchi_W,0.995905926,"[[4177, 0, 0], [3, 44493, 0], [0, 224, 6549]]",0.996244674,"[[1041, 0, 0], [0, 11029, 0], [0, 52, 1725]]"
Ranchi,Jharkhand,2024,Jharkhand_Ranchi_W,0.99598379,"[[3448, 0, 0], [0, 33780, 12], [0, 209, 17578]]",0.99520881,"[[816, 0, 0], [0, 8592, 3], [0, 64, 4509]]"
Ranchi,Jharkhand,2019,Jharkhand_Ranchi_NW,0.996910494,"[[46, 0, 0], [0, 50106, 0], [0, 173, 5671]]",0.997119401,"[[8, 0, 0], [0, 12411, 1], [0, 39, 1427]]"
Ranchi,Jharkhand,2024,Jharkhand_Ranchi_NW,0.996209141,"[[17, 0, 0], [0, 37289, 36], [0, 176, 18406]]",0.996339888,"[[0, 0, 0], [0, 9336, 7], [0, 44, 4547]]"
Bangalore,Karnataka,2019,Karnataka_Bangalore_C,0.99745328,"[[30, 0, 0], [0, 39866, 62], [0, 80, 15720]]",0.998056435,"[[9, 0, 0], [0, 9960, 9], [0, 18, 3896]]"
Bangalore,Karnataka,2024,Karnataka_Bangalore_C,0.997258949,"[[3, 3, 0], [0, 39811, 43], [0, 107, 15851]]",0.997619391,"[[0, 0, 0], [0, 9709, 13], [0, 20, 4120]]"
Bangalore,Karnataka,2019,Karnataka_Bangalore_N,0.997316379,"[[983, 0, 0], [0, 40732, 43], [0, 106, 13658]]",0.997750363,"[[233, 0, 0], [1, 10059, 10], [0, 20, 3457]]"
Bangalore,Karnataka,2024,Karnataka_Bangalore_N,0.996106635,"[[821, 3, 0], [73, 38534, 66], [0, 74, 15908]]",0.996405464,"[[207, 0, 0], [19, 9715, 14], [0, 17, 3938]]"
Bangalore,Karnataka,2019,Karnataka_Bangalore_NE,0.998453003,"[[30, 0, 0], [0, 49903, 0], [0, 87, 6218]]",0.998316375,"[[7, 0, 0], [0, 12210, 0], [0, 23, 1421]]"
Bangalore,Karnataka,2024,Karnataka_Bangalore_NE,0.997169473,"[[155, 11, 0], [4, 49151, 20], [0, 123, 6356]]",0.997154038,"[[35, 2, 0], [1, 12376, 6], [0, 31, 1604]]"
Bangalore,Karnataka,2019,Karnataka_Bangalore_E,0.993370146,"[[185, 124, 0], [111, 36527, 62], [0, 74, 18876]]",0.992714806,"[[35, 26, 0], [40, 9191, 16], [0, 20, 4673]]"
Bangalore,Karnataka,2024,Karnataka_Bangalore_E,0.987017837,"[[383, 202, 0], [378, 35506, 56], [0, 94, 19612]]",0.988159387,"[[99, 47, 0], [80, 8950, 17], [0, 23, 4888]]"
Bangalore,Karnataka,2019,Karnataka_Bangalore_SE,0.99457537,"[[530, 41, 0], [121, 36641, 58], [0, 82, 18199]]",0.993012031,"[[133, 13, 0], [36, 9177, 18], [0, 30, 4474]]"
Bangalore,Karnataka,2024,Karnataka_Bangalore_SE,0.997464962,"[[464, 0, 0], [14, 37654, 54], [0, 72, 16968]]",0.998193511,"[[106, 0, 0], [1, 9448, 11], [0, 13, 4260]]"
Bangalore,Karnataka,2019,Karnataka_Bangalore_S,0.996706382,"[[121, 17, 0], [3, 41890, 63], [0, 100, 13368]]",0.996396916,"[[22, 4, 0], [0, 10424, 25], [0, 21, 3381]]"
Bangalore,Karnataka,2024,Karnataka_Bangalore_S,0.996515304,"[[119, 13, 0], [55, 41871, 56], [0, 70, 13488]]",0.996964441,"[[39, 6, 0], [14, 10487, 10], [0, 12, 3268]]"
Bangalore,Karnataka,2019,Karnataka_Bangalore_SW,0.997287942,"[[6, 3, 0], [0, 46928, 43], [0, 106, 8960]]",0.997171146,"[[0, 0, 0], [0, 11890, 15], [0, 25, 2210]]"
Bangalore,Karnataka,2024,Karnataka_Bangalore_SW,0.998271592,"[[9, 0, 0], [0, 47433, 30], [0, 67, 8582]]",0.998787879,"[[4, 0, 0], [1, 11928, 6], [0, 10, 2076]]"
Bangalore,Karnataka,2019,Karnataka_Bangalore_W,0.998012599,"[[1, 1, 0], [0, 51051, 18], [0, 93, 5191]]",0.998255941,"[[0, 0, 0], [0, 12489, 6], [0, 18, 1248]]"
Bangalore,Karnataka,2024,Karnataka_Bangalore_W,0.997862943,"[[1, 1, 0], [0, 49349, 21], [0, 98, 6682]]",0.997929754,"[[0, 0, 0], [0, 12291, 3], [0, 26, 1688]]"
Bangalore,Karnataka,2019,Karnataka_Bangalore_NW,0.998011928,"[[5, 0, 0], [0, 43664, 25], [0, 86, 12053]]",0.997982854,"[[0, 0, 0], [0, 10845, 7], [0, 21, 3008]]"
Bangalore,Karnataka,2024,Karnataka_Bangalore_NW,0.997513328,"[[1, 1, 0], [0, 41006, 43], [0, 95, 14752]]",0.99726481,"[[1, 1, 0], [0, 10173, 9], [0, 28, 3681]]"
Hubballi,Karnataka,2019,Karnataka_Hubballi_C,0.996843963,"[[1208, 0, 0], [21, 47911, 17], [0, 139, 6787]]",0.996003197,"[[289, 0, 0], [3, 11733, 4], [0, 48, 1684]]"
Hubballi,Karnataka,2024,Karnataka_Hubballi_C,0.973065264,"[[0, 1390, 0], [0, 45779, 24], [0, 132, 10073]]",0.972109604,"[[0, 355, 0], [0, 11441, 5], [0, 39, 2466]]"
Hubballi,Karnataka,2019,Karnataka_Hubballi_N,0.998458754,"[[0, 0, 0], [0, 54688, 0], [0, 86, 1025]]",0.998995408,"[[0, 0, 0], [0, 13670, 0], [0, 14, 252]]"
Hubballi,Karnataka,2024,Karnataka_Hubballi_N,0.996520281,"[[0, 0, 0], [0, 51917, 5], [0, 190, 3927]]",0.996627566,"[[0, 0, 0], [0, 12666, 4], [0, 42, 928]]"
Hubballi,Karnataka,2019,Karnataka_Hubballi_NE,0.998548387,"[[0, 0, 0], [0, 54054, 0], [0, 81, 1665]]",0.998168756,"[[0, 0, 0], [0, 13708, 2], [0, 24, 464]]"
Hubballi,Karnataka,2024,Karnataka_Hubballi_NE,0.995035271,"[[0, 0, 0], [0, 51183, 0], [0, 278, 4534]]",0.995356148,"[[0, 0, 0], [0, 12762, 0], [0, 65, 1170]]"
Hubballi,Karnataka,2019,Karnataka_Hubballi_E,0.998180845,"[[0, 0, 0], [0, 53667, 2], [0, 100, 2301]]",0.998066872,"[[0, 0, 0], [0, 13354, 0], [0, 27, 586]]"
Hubballi,Karnataka,2024,Karnataka_Hubballi_E,0.996215097,"[[0, 0, 0], [0, 49159, 1], [0, 211, 6641]]",0.996849492,"[[0, 0, 0], [0, 12188, 0], [0, 44, 1734]]"
Hubballi,Karnataka,2019,Karnataka_Hubballi_SE,0.996701082,"[[0, 0, 0], [0, 55293, 0], [0, 185, 601]]",0.996736894,"[[0, 0, 0], [0, 13905, 0], [0, 46, 146]]"
Hubballi,Karnataka,2024,Karnataka_Hubballi_SE,0.996304363,"[[0, 1, 0], [0, 50381, 11], [0, 195, 5424]]",0.994986584,"[[0, 0, 0], [0, 12677, 4], [0, 67, 1414]]"
Hubballi,Karnataka,2019,Karnataka_Hubballi_S,0.998586408,"[[0, 0, 0], [0, 45877, 14], [0, 65, 9930]]",0.998365897,"[[0, 0, 0], [0, 11555, 4], [0, 19, 2497]]"
Hubballi,Karnataka,2024,Karnataka_Hubballi_S,0.997339428,"[[0, 0, 0], [0, 40961, 8], [0, 141, 14893]]",0.997767375,"[[0, 0, 0], [0, 10145, 1], [0, 30, 3709]]"
Hubballi,Karnataka,2019,Karnataka_Hubballi_SW,0.99603623,"[[0, 0, 0], [0, 49232, 2], [0, 219, 6302]]",0.996557659,"[[0, 0, 0], [0, 12334, 0], [0, 48, 1562]]"
Hubballi,Karnataka,2024,Karnataka_Hubballi_SW,0.999012213,"[[890, 0, 0], [0, 30689, 33], [0, 22, 24046]]",0.998490295,"[[243, 0, 0], [0, 7587, 11], [0, 10, 6059]]"
Hubballi,Karnataka,2019,Karnataka_Hubballi_W,0.998291754,"[[4, 1, 0], [0, 46542, 10], [0, 85, 9556]]",0.997724525,"[[0, 0, 0], [0, 11614, 1], [0, 31, 2417]]"
Hubballi,Karnataka,2024,Karnataka_Hubballi_W,0.998216356,"[[63, 0, 0], [0, 39554, 9], [0, 91, 16348]]",0.998572244,"[[19, 0, 0], [0, 9860, 4], [0, 16, 4109]]"
Hubballi,Karnataka,2019,Karnataka_Hubballi_NW,0.99712099,"[[0, 0, 0], [0, 49305, 14], [0, 147, 6456]]",0.996909143,"[[0, 0, 0], [0, 12295, 6], [0, 37, 1574]]"
Hubballi,Karnataka,2024,Karnataka_Hubballi_NW,0.997386042,"[[0, 0, 0], [0, 42859, 42], [0, 104, 12849]]",0.997491579,"[[0, 0, 0], [0, 10691, 8], [0, 27, 3227]]"
Bhopal,MadhyaPradesh,2019,MadhyaPradesh_Bhopal_C,0.997521188,"[[1210, 0, 0], [0, 44133, 52], [0, 84, 9386]]",0.997006644,"[[307, 1, 0], [0, 11049, 13], [0, 27, 2300]]"
Bhopal,MadhyaPradesh,2024,MadhyaPradesh_Bhopal_C,0.99699798,"[[760, 0, 0], [0, 40740, 85], [0, 80, 13298]]",0.996661586,"[[204, 0, 0], [0, 10157, 31], [0, 15, 3372]]"
Bhopal,MadhyaPradesh,2019,MadhyaPradesh_Bhopal_N,0.997732264,"[[0, 0, 0], [0, 28423, 48], [0, 79, 27453]]",0.997894885,"[[0, 0, 0], [0, 7252, 15], [0, 15, 6969]]"
Bhopal,MadhyaPradesh,2024,MadhyaPradesh_Bhopal_N,0.997652624,"[[0, 1, 0], [0, 27223, 20], [0, 111, 28878]]",0.998216706,"[[0, 0, 0], [0, 6704, 4], [0, 21, 7290]]"
Bhopal,MadhyaPradesh,2019,MadhyaPradesh_Bhopal_NE,0.997986458,"[[14, 0, 0], [0, 17853, 27], [0, 86, 38140]]",0.998266397,"[[2, 0, 0], [0, 4341, 7], [0, 17, 9477]]"
Bhopal,MadhyaPradesh,2024,MadhyaPradesh_Bhopal_NE,0.997245672,"[[21, 0, 0], [0, 17657, 35], [0, 119, 38080]]",0.996358074,"[[7, 0, 0], [0, 4298, 5], [0, 45, 9374]]"
Bhopal,MadhyaPradesh,2019,MadhyaPradesh_Bhopal_E,0.987589192,"[[656, 172, 0], [454, 41873, 27], [0, 41, 12696]]",0.987814327,"[[165, 39, 0], [121, 10668, 4], [0, 9, 3191]]"
Bhopal,MadhyaPradesh,2024,MadhyaPradesh_Bhopal_E,0.990225672,"[[349, 247, 0], [189, 35885, 28], [0, 80, 18878]]",0.990831557,"[[93, 48, 0], [46, 9124, 10], [0, 25, 4724]]"
Bhopal,MadhyaPradesh,2019,MadhyaPradesh_Bhopal_SE,0.997643194,"[[0, 0, 0], [0, 34671, 23], [0, 109, 21205]]",0.998066595,"[[0, 0, 0], [0, 8685, 5], [0, 22, 5253]]"
Bhopal,MadhyaPradesh,2024,MadhyaPradesh_Bhopal_SE,0.997385246,"[[0, 0, 0], [0, 28837, 11], [0, 135, 26854]]",0.99688826,"[[0, 0, 0], [0, 7207, 2], [0, 42, 6889]]"
Bhopal,MadhyaPradesh,2019,MadhyaPradesh_Bhopal_S,0.997524574,"[[1027, 0, 0], [1, 41288, 30], [0, 106, 12892]]",0.997096189,"[[283, 0, 0], [0, 10210, 11], [0, 29, 3242]]"
Bhopal,MadhyaPradesh,2024,MadhyaPradesh_Bhopal_S,0.997473797,"[[3243, 0, 0], [2, 34048, 12], [0, 127, 18383]]",0.997310069,"[[855, 0, 0], [0, 8304, 3], [0, 34, 4559]]"
Bhopal,MadhyaPradesh,2019,MadhyaPradesh_Bhopal_SW,0.997216835,"[[528, 9, 0], [36, 38716, 0], [0, 110, 16293]]",0.997020009,"[[142, 3, 0], [11, 9771, 0], [0, 28, 4139]]"
Bhopal,MadhyaPradesh,2024,MadhyaPradesh_Bhopal_SW,0.998330612,"[[3950, 0, 0], [14, 28813, 19], [0, 59, 22255]]",0.998406375,"[[1001, 0, 0], [3, 7230, 8], [0, 11, 5552]]"
Bhopal,MadhyaPradesh,2019,MadhyaPradesh_Bhopal_W,0.984509254,"[[18016, 321, 0], [473, 28570, 0], [0, 84, 9215]]",0.985621652,"[[4415, 84, 0], [103, 7293, 0], [0, 17, 2276]]"
Bhopal,MadhyaPradesh,2024,MadhyaPradesh_Bhopal_W,0.998516294,"[[22426, 1, 0], [17, 20435, 22], [0, 42, 12324]]",0.998782932,"[[5542, 0, 0], [5, 5252, 5], [0, 7, 3157]]"
Bhopal,MadhyaPradesh,2019,MadhyaPradesh_Bhopal_NW,0.998191649,"[[0, 0, 0], [0, 33286, 9], [0, 92, 22465]]",0.998518414,"[[0, 0, 0], [0, 8477, 0], [0, 21, 5676]]"
Bhopal,MadhyaPradesh,2024,MadhyaPradesh_Bhopal_NW,0.997751927,"[[0, 0, 0], [0, 28142, 6], [0, 120, 27780]]",0.997774108,"[[0, 0, 0], [0, 6974, 2], [0, 29, 6922]]"
Gwalior,MadhyaPradesh,2019,MadhyaPradesh_Gwalior_C,0.996981186,"[[0, 1, 0], [0, 42876, 51], [0, 116, 12607]]",0.996348536,"[[0, 0, 0], [0, 10837, 10], [0, 41, 3079]]"
Gwalior,MadhyaPradesh,2024,MadhyaPradesh_Gwalior_C,0.997444204,"[[2, 0, 0], [0, 36258, 72], [0, 70, 19158]]",0.997012377,"[[0, 0, 0], [0, 9188, 16], [0, 26, 4828]]"
Gwalior,MadhyaPradesh,2019,MadhyaPradesh_Gwalior_N,0.998206953,"[[0, 0, 0], [0, 29125, 40], [0, 60, 26546]]",0.998721046,"[[0, 0, 0], [0, 7339, 8], [0, 10, 6717]]"
Gwalior,MadhyaPradesh,2024,MadhyaPradesh_Gwalior_N,0.997710197,"[[0, 0, 0], [0, 28057, 6], [0, 122, 27715]]",0.997498392,"[[0, 0, 0], [0, 6962, 0], [0, 35, 6994]]"
Gwalior,MadhyaPradesh,2019,MadhyaPradesh_Gwalior_NE,0.998533016,"[[0, 0, 0], [0, 39834, 21], [0, 61, 15981]]",0.998496779,"[[0, 0, 0], [0, 9851, 2], [0, 19, 4098]]"
Gwalior,MadhyaPradesh,2024,MadhyaPradesh_Gwalior_NE,0.997943675,"[[0, 0, 0], [0, 36828, 10], [0, 105, 18982]]",0.997980818,"[[0, 0, 0], [0, 9136, 2], [0, 26, 4703]]"
Gwalior,MadhyaPradesh,2019,MadhyaPradesh_Gwalior_E,0.997501517,"[[0, 0, 0], [0, 43089, 52], [0, 88, 12805]]",0.997573162,"[[0, 0, 0], [0, 10815, 15], [0, 19, 3161]]"
Gwalior,MadhyaPradesh,2024,MadhyaPradesh_Gwalior_E,0.998272023,"[[0, 0, 0], [0, 36591, 22], [0, 75, 19447]]",0.997699497,"[[0, 0, 0], [0, 9160, 6], [0, 26, 4718]]"
Gwalior,MadhyaPradesh,2019,MadhyaPradesh_Gwalior_SE,0.997387539,"[[116, 0, 0], [0, 34621, 0], [0, 146, 21003]]",0.996984708,"[[21, 0, 0], [0, 8626, 0], [0, 42, 5240]]"
Gwalior,MadhyaPradesh,2024,MadhyaPradesh_Gwalior_SE,0.993122149,"[[2166, 0, 0], [0, 33319, 0], [0, 383, 19818]]",0.99357758,"[[509, 0, 0], [0, 8168, 0], [0, 88, 4937]]"
Gwalior,MadhyaPradesh,2019,MadhyaPradesh_Gwalior_S,0.995632645,"[[0, 0, 0], [0, 32704, 0], [0, 246, 23377]]",0.99546421,"[[0, 0, 0], [0, 8214, 0], [0, 64, 5832]]"
Gwalior,MadhyaPradesh,2024,MadhyaPradesh_Gwalior_S,0.995884774,"[[0, 0, 0], [0, 33349, 0], [0, 232, 22795]]",0.995445488,"[[0, 0, 0], [0, 8269, 0], [0, 64, 5719]]"
Gwalior,MadhyaPradesh,2019,MadhyaPradesh_Gwalior_SW,0.99637959,"[[0, 0, 0], [0, 39768, 0], [0, 203, 16100]]",0.996973845,"[[0, 0, 0], [0, 9927, 0], [0, 42, 3910]]"
Gwalior,MadhyaPradesh,2024,MadhyaPradesh_Gwalior_SW,0.993657733,"[[0, 0, 0], [0, 38075, 0], [0, 354, 17387]]",0.993206906,"[[0, 0, 0], [0, 9540, 0], [0, 96, 4496]]"
Gwalior,MadhyaPradesh,2019,MadhyaPradesh_Gwalior_W,0.998298071,"[[0, 0, 0], [0, 45579, 4], [0, 91, 10145]]",0.998296422,"[[0, 0, 0], [0, 11555, 1], [0, 23, 2509]]"
Gwalior,MadhyaPradesh,2024,MadhyaPradesh_Gwalior_W,0.998068428,"[[0, 0, 0], [0, 41642, 4], [0, 104, 14163]]",0.998427223,"[[0, 0, 0], [0, 10347, 0], [0, 22, 3619]]"
Gwalior,MadhyaPradesh,2019,MadhyaPradesh_Gwalior_NW,0.998687452,"[[0, 0, 0], [0, 26745, 53], [0, 20, 28799]]",0.998074317,"[[0, 0, 0], [0, 6745, 23], [0, 4, 7249]]"
Gwalior,MadhyaPradesh,2024,MadhyaPradesh_Gwalior_NW,0.998544056,"[[0, 0, 0], [0, 25546, 8], [0, 73, 30007]]",0.99776641,"[[0, 0, 0], [0, 6343, 3], [0, 28, 7505]]"
Indore,MadhyaPradesh,2019,MadhyaPradesh_Indore_C,0.996675068,"[[3, 0, 0], [1, 48810, 84], [0, 101, 6942]]",0.997208903,"[[0, 0, 0], [0, 12141, 18], [0, 21, 1793]]"
Indore,MadhyaPradesh,2024,MadhyaPradesh_Indore_C,0.996698841,"[[0, 2, 0], [0, 44708, 85], [0, 97, 10846]]",0.996458673,"[[1, 1, 0], [0, 11325, 29], [0, 20, 2743]]"
Indore,MadhyaPradesh,2019,MadhyaPradesh_Indore_N,0.997848691,"[[18, 0, 0], [0, 42357, 35], [0, 85, 13285]]",0.99796969,"[[2, 0, 0], [0, 10457, 10], [0, 18, 3304]]"
Indore,MadhyaPradesh,2024,MadhyaPradesh_Indore_N,0.996961634,"[[116, 0, 0], [0, 42565, 41], [0, 128, 12772]]",0.996638535,"[[34, 0, 0], [0, 10721, 13], [0, 34, 3180]]"
Indore,MadhyaPradesh,2019,MadhyaPradesh_Indore_NE,0.997676746,"[[0, 0, 0], [0, 47505, 18], [0, 112, 8321]]",0.996619191,"[[0, 0, 0], [0, 11723, 2], [0, 45, 2132]]"
Indore,MadhyaPradesh,2024,MadhyaPradesh_Indore_NE,0.995893113,"[[0, 0, 0], [0, 41843, 16], [0, 213, 13688]]",0.996449368,"[[0, 0, 0], [0, 10587, 4], [0, 46, 3445]]"
Indore,MadhyaPradesh,2019,MadhyaPradesh_Indore_E,0.997396623,"[[1, 1, 0], [0, 49935, 40], [0, 105, 5999]]",0.997049935,"[[0, 1, 0], [0, 12371, 10], [0, 30, 1486]]"
Indore,MadhyaPradesh,2024,MadhyaPradesh_Indore_E,0.996559347,"[[0, 2, 0], [0, 45242, 73], [0, 118, 10659]]",0.996316094,"[[0, 0, 0], [0, 11249, 12], [0, 39, 2544]]"
Indore,MadhyaPradesh,2019,MadhyaPradesh_Indore_SE,0.997605502,"[[35, 0, 0], [1, 45781, 20], [0, 112, 9595]]",0.997432606,"[[8, 0, 0], [0, 11547, 7], [0, 29, 2431]]"
Indore,MadhyaPradesh,2024,MadhyaPradesh_Indore_SE,0.996933677,"[[1308, 0, 0], [1, 40754, 20], [0, 149, 13209]]",0.997073519,"[[328, 0, 0], [2, 10225, 7], [0, 32, 3416]]"
Indore,MadhyaPradesh,2019,MadhyaPradesh_Indore_S,0.998222047,"[[1385, 0, 0], [1, 37580, 7], [0, 91, 16618]]",0.998522479,"[[347, 0, 0], [0, 9586, 0], [0, 21, 4259]]"
Indore,MadhyaPradesh,2024,MadhyaPradesh_Indore_S,0.997639696,"[[4442, 0, 0], [2, 32601, 69], [0, 61, 18750]]",0.997710361,"[[1163, 0, 0], [0, 8163, 16], [0, 16, 4618]]"
Indore,MadhyaPradesh,2019,MadhyaPradesh_Indore_SW,0.997289535,"[[220, 0, 0], [0, 43298, 37], [0, 114, 12041]]",0.997515616,"[[46, 0, 0], [0, 10980, 10], [0, 25, 3027]]"
Indore,MadhyaPradesh,2024,MadhyaPradesh_Indore_SW,0.997761381,"[[336, 0, 0], [1, 39284, 63], [0, 61, 16093]]",0.997974976,"[[71, 0, 0], [0, 9778, 15], [0, 13, 3950]]"
Indore,MadhyaPradesh,2019,MadhyaPradesh_Indore_W,0.998183519,"[[68, 0, 0], [0, 47026, 2], [0, 99, 8407]]",0.998045178,"[[13, 0, 0], [0, 11681, 0], [0, 27, 2091]]"
Indore,MadhyaPradesh,2024,MadhyaPradesh_Indore_W,0.997691448,"[[18, 0, 0], [0, 42489, 41], [0, 87, 12811]]",0.99716493,"[[2, 0, 0], [0, 10827, 6], [0, 34, 3240]]"
Indore,MadhyaPradesh,2019,MadhyaPradesh_Indore_NW,0.996433475,"[[0, 0, 0], [0, 38477, 53], [0, 147, 17400]]",0.99584557,"[[0, 0, 0], [0, 9625, 13], [0, 45, 4278]]"
Indore,MadhyaPradesh,2024,MadhyaPradesh_Indore_NW,0.9954638,"[[61, 0, 0], [0, 28649, 164], [0, 90, 27030]]",0.995230638,"[[10, 0, 0], [0, 7260, 41], [0, 26, 6711]]"
Jabalpur,MadhyaPradesh,2019,MadhyaPradesh_Jabalpur_C,0.9969048,"[[175, 5, 0], [11, 47222, 33], [0, 124, 8323]]",0.997083941,"[[49, 1, 0], [4, 12205, 8], [0, 29, 2107]]"
Jabalpur,MadhyaPradesh,2024,MadhyaPradesh_Jabalpur_C,0.997104384,"[[0, 0, 0], [0, 42025, 76], [0, 87, 14104]]",0.996729703,"[[0, 0, 0], [0, 10463, 24], [0, 22, 3557]]"
Jabalpur,MadhyaPradesh,2019,MadhyaPradesh_Jabalpur_N,0.998017609,"[[69, 13, 0], [1, 24225, 8], [0, 89, 31588]]",0.997721285,"[[20, 2, 0], [0, 6078, 1], [0, 29, 7913]]"
Jabalpur,MadhyaPradesh,2024,MadhyaPradesh_Jabalpur_N,0.997225802,"[[139, 0, 0], [0, 19894, 85], [0, 70, 35684]]",0.996691073,"[[36, 0, 0], [0, 5113, 25], [0, 22, 9008]]"
Jabalpur,MadhyaPradesh,2019,MadhyaPradesh_Jabalpur_NE,0.991040857,"[[0, 416, 0], [0, 30133, 4], [0, 85, 25729]]",0.990803276,"[[0, 108, 0], [0, 7506, 2], [0, 18, 6284]]"
Jabalpur,MadhyaPradesh,2024,MadhyaPradesh_Jabalpur_NE,0.993506958,"[[1260, 68, 0], [126, 19320, 80], [0, 89, 34963]]",0.994101343,"[[328, 13, 0], [34, 4827, 23], [0, 13, 8833]]"
Jabalpur,MadhyaPradesh,2019,MadhyaPradesh_Jabalpur_E,0.997592381,"[[22, 0, 0], [0, 30398, 72], [0, 63, 25517]]",0.996817089,"[[6, 0, 0], [0, 7711, 29], [0, 16, 6376]]"
Jabalpur,MadhyaPradesh,2024,MadhyaPradesh_Jabalpur_E,0.996453838,"[[0, 0, 0], [0, 17237, 172], [0, 27, 38681]]",0.996530237,"[[0, 0, 0], [0, 4325, 40], [0, 9, 9748]]"
Jabalpur,MadhyaPradesh,2019,MadhyaPradesh_Jabalpur_SE,0.998849252,"[[82, 0, 0], [0, 20856, 21], [0, 43, 34614]]",0.999415675,"[[20, 0, 0], [0, 5259, 2], [0, 6, 8404]]"
Jabalpur,MadhyaPradesh,2024,MadhyaPradesh_Jabalpur_SE,0.997444112,"[[49, 0, 0], [1, 14323, 76], [0, 65, 41044]]",0.99753641,"[[9, 0, 0], [0, 3524, 14], [0, 20, 10234]]"
Jabalpur,MadhyaPradesh,2019,MadhyaPradesh_Jabalpur_S,0.996928659,"[[571, 0, 0], [17, 33720, 6], [0, 148, 21214]]",0.997399128,"[[153, 1, 0], [2, 8566, 2], [0, 32, 5470]]"
Jabalpur,MadhyaPradesh,2024,MadhyaPradesh_Jabalpur_S,0.993614327,"[[712, 33, 0], [165, 17559, 116], [0, 44, 37434]]",0.993381254,"[[182, 17, 0], [37, 4394, 29], [0, 10, 9382]]"
Jabalpur,MadhyaPradesh,2019,MadhyaPradesh_Jabalpur_SW,0.995554207,"[[917, 0, 0], [16, 28869, 0], [0, 233, 25973]]",0.993831146,"[[241, 0, 0], [6, 7160, 0], [0, 80, 6454]]"
Jabalpur,MadhyaPradesh,2024,MadhyaPradesh_Jabalpur_SW,0.989335129,"[[833, 122, 0], [191, 14232, 234], [0, 55, 40780]]",0.990123279,"[[196, 18, 0], [37, 3493, 69], [0, 13, 10045]]"
Jabalpur,MadhyaPradesh,2019,MadhyaPradesh_Jabalpur_W,0.998349628,"[[0, 3, 0], [0, 29742, 0], [0, 89, 25911]]",0.998220387,"[[0, 0, 0], [0, 7548, 0], [0, 25, 6475]]"
Jabalpur,MadhyaPradesh,2024,MadhyaPradesh_Jabalpur_W,0.99656259,"[[0, 0, 0], [0, 21227, 117], [0, 75, 34437]]",0.996938412,"[[0, 0, 0], [0, 5368, 28], [0, 15, 8634]]"
Jabalpur,MadhyaPradesh,2019,MadhyaPradesh_Jabalpur_NW,0.998725154,"[[0, 0, 0], [0, 13840, 19], [0, 52, 41782]]",0.998565897,"[[0, 0, 0], [0, 3477, 3], [0, 17, 10449]]"
Jabalpur,MadhyaPradesh,2024,MadhyaPradesh_Jabalpur_NW,0.99601157,"[[0, 2, 0], [0, 12094, 165], [0, 55, 43345]]",0.997208703,"[[0, 0, 0], [0, 3065, 35], [0, 4, 10868]]"
Aurangabad,Maharashtra,2019,Maharashtra_Aurangabad_C,0.99762207,"[[0, 1, 0], [0, 53038, 9], [0, 123, 2760]]",0.997820891,"[[0, 1, 0], [0, 13485, 0], [0, 30, 710]]"
Aurangabad,Maharashtra,2024,Maharashtra_Aurangabad_C,0.996948663,"[[0, 2, 0], [0, 45606, 67], [0, 102, 10264]]",0.996726445,"[[0, 1, 0], [0, 11458, 29], [0, 16, 2548]]"
Aurangabad,Maharashtra,2019,Maharashtra_Aurangabad_N,0.997776861,"[[0, 1, 0], [0, 52959, 4], [0, 119, 2694]]",0.998115669,"[[0, 0, 0], [0, 13075, 0], [0, 26, 697]]"
Aurangabad,Maharashtra,2024,Maharashtra_Aurangabad_N,0.997062397,"[[1054, 0, 0], [0, 34083, 76], [0, 86, 19848]]",0.99714917,"[[260, 0, 0], [1, 8637, 15], [0, 24, 5094]]"
Aurangabad,Maharashtra,2019,Maharashtra_Aurangabad_NE,0.998408441,"[[0, 0, 0], [0, 53130, 7], [0, 82, 2701]]",0.997999142,"[[0, 0, 0], [0, 13259, 1], [0, 27, 707]]"
Aurangabad,Maharashtra,2024,Maharashtra_Aurangabad_NE,0.997281783,"[[92, 0, 0], [0, 27432, 56], [0, 96, 28243]]",0.997758172,"[[16, 0, 0], [0, 6718, 9], [0, 22, 7063]]"
Aurangabad,Maharashtra,2019,Maharashtra_Aurangabad_E,0.997745209,"[[0, 0, 0], [0, 49935, 11], [0, 115, 5820]]",0.99835491,"[[0, 1, 0], [0, 12510, 1], [0, 21, 1448]]"
Aurangabad,Maharashtra,2024,Maharashtra_Aurangabad_E,0.995375991,"[[0, 1, 0], [0, 40726, 62], [0, 196, 15027]]",0.995540284,"[[0, 0, 0], [0, 9923, 13], [0, 48, 3694]]"
Aurangabad,Maharashtra,2019,Maharashtra_Aurangabad_SE,0.998438138,"[[0, 0, 0], [0, 54010, 3], [0, 85, 2245]]",0.998716852,"[[0, 0, 0], [0, 13407, 0], [0, 18, 603]]"
Aurangabad,Maharashtra,2024,Maharashtra_Aurangabad_SE,0.997437859,"[[93, 0, 0], [0, 41972, 28], [0, 116, 13994]]",0.9975615,"[[16, 0, 0], [0, 10418, 14], [0, 20, 3475]]"
Aurangabad,Maharashtra,2019,Maharashtra_Aurangabad_S,0.998446789,"[[0, 0, 0], [0, 53447, 3], [0, 84, 2479]]",0.998658571,"[[0, 0, 0], [0, 13546, 1], [0, 18, 599]]"
Aurangabad,Maharashtra,2024,Maharashtra_Aurangabad_S,0.996872934,"[[86, 0, 0], [0, 43394, 30], [0, 145, 12308]]",0.997088895,"[[15, 0, 0], [0, 10925, 4], [0, 37, 3103]]"
Aurangabad,Maharashtra,2019,Maharashtra_Aurangabad_SW,0.997597822,"[[0, 0, 0], [0, 40611, 66], [0, 69, 15453]]",0.997069964,"[[0, 0, 0], [0, 9925, 17], [0, 24, 4027]]"
Aurangabad,Maharashtra,2024,Maharashtra_Aurangabad_SW,0.996626988,"[[22, 1, 0], [0, 30681, 61], [0, 127, 25141]]",0.996805339,"[[2, 0, 0], [0, 7710, 16], [0, 29, 6329]]"
Aurangabad,Maharashtra,2019,Maharashtra_Aurangabad_W,0.998062326,"[[0, 0, 0], [0, 47304, 16], [0, 93, 8840]]",0.997871888,"[[0, 0, 0], [0, 11905, 2], [0, 28, 2162]]"
Aurangabad,Maharashtra,2024,Maharashtra_Aurangabad_W,0.997219796,"[[278, 0, 0], [0, 33449, 58], [0, 98, 22228]]",0.997811662,"[[88, 0, 0], [0, 8382, 7], [0, 24, 5665]]"
Aurangabad,Maharashtra,2019,Maharashtra_Aurangabad_NW,0.998310659,"[[0, 0, 0], [0, 54458, 5], [0, 89, 1091]]",0.998942769,"[[0, 0, 0], [0, 13911, 1], [0, 14, 262]]"
Aurangabad,Maharashtra,2024,Maharashtra_Aurangabad_NW,0.996515805,"[[126, 0, 0], [0, 45698, 7], [0, 187, 9662]]",0.997225582,"[[36, 0, 0], [0, 11537, 2], [0, 37, 2445]]"
KalyanDombivali,Maharashtra,2019,Maharashtra_KalyanDombivali_C,0.996330142,"[[1855, 0, 0], [68, 48313, 10], [0, 124, 4673]]",0.996716631,"[[467, 0, 0], [13, 12350, 3], [0, 30, 1147]]"
KalyanDombivali,Maharashtra,2024,Maharashtra_KalyanDombivali_C,0.997075864,"[[1907, 0, 0], [2, 43258, 28], [0, 131, 9733]]",0.996108949,"[[507, 0, 0], [2, 10896, 9], [0, 43, 2421]]"
KalyanDombivali,Maharashtra,2019,Maharashtra_KalyanDombivali_N,0.996107592,"[[275, 0, 0], [6, 52232, 0], [0, 206, 1746]]",0.996900454,"[[66, 0, 0], [2, 13335, 0], [0, 41, 429]]"
KalyanDombivali,Maharashtra,2024,Maharashtra_KalyanDombivali_N,0.997433943,"[[75, 0, 0], [0, 46603, 8], [0, 130, 6963]]",0.997501286,"[[29, 0, 0], [0, 11796, 5], [0, 29, 1748]]"
KalyanDombivali,Maharashtra,2019,Maharashtra_KalyanDombivali_NE,0.997699579,"[[0, 0, 0], [0, 51849, 0], [0, 128, 3665]]",0.998262506,"[[0, 0, 0], [0, 12916, 0], [0, 24, 873]]"
KalyanDombivali,Maharashtra,2024,Maharashtra_KalyanDombivali_NE,0.99767872,"[[238, 0, 0], [6, 44506, 0], [0, 122, 10270]]",0.997364375,"[[64, 0, 0], [1, 10994, 0], [0, 35, 2565]]"
KalyanDombivali,Maharashtra,2019,Maharashtra_KalyanDombivali_E,0.998839886,"[[11, 0, 0], [0, 49078, 12], [0, 53, 6875]]",0.998571735,"[[1, 0, 0], [0, 12319, 7], [0, 13, 1663]]"
KalyanDombivali,Maharashtra,2024,Maharashtra_KalyanDombivali_E,0.998002124,"[[151, 0, 0], [4, 43760, 35], [0, 72, 11537]]",0.9975622,"[[42, 0, 0], [0, 10968, 13], [0, 21, 2903]]"
KalyanDombivali,Maharashtra,2019,Maharashtra_KalyanDombivali_SE,0.997571342,"[[251, 0, 0], [0, 53339, 1], [0, 135, 2272]]",0.997045998,"[[63, 0, 0], [0, 13545, 0], [0, 42, 568]]"
KalyanDombivali,Maharashtra,2024,Maharashtra_KalyanDombivali_SE,0.997491192,"[[219, 0, 0], [1, 48118, 22], [0, 118, 7724]]",0.998282648,"[[52, 0, 0], [0, 11995, 4], [0, 20, 1904]]"
KalyanDombivali,Maharashtra,2019,Maharashtra_KalyanDombivali_S,0.997453372,"[[0, 0, 0], [0, 52012, 0], [0, 142, 3606]]",0.998061459,"[[0, 0, 0], [0, 13002, 0], [0, 27, 899]]"
KalyanDombivali,Maharashtra,2024,Maharashtra_KalyanDombivali_S,0.996681138,"[[0, 0, 0], [0, 44904, 2], [0, 183, 10653]]",0.996406239,"[[0, 0, 0], [0, 11246, 0], [0, 50, 2617]]"
KalyanDombivali,Maharashtra,2019,Maharashtra_KalyanDombivali_SW,0.998049531,"[[1012, 0, 0], [1, 47762, 2], [0, 106, 7001]]",0.997990094,"[[254, 0, 0], [1, 11882, 1], [0, 26, 1767]]"
KalyanDombivali,Maharashtra,2024,Maharashtra_KalyanDombivali_SW,0.998293025,"[[1176, 0, 0], [3, 40602, 8], [0, 84, 13781]]",0.997808103,"[[280, 0, 0], [1, 10231, 4], [0, 26, 3601]]"
KalyanDombivali,Maharashtra,2019,Maharashtra_KalyanDombivali_W,0.997662691,"[[2811, 0, 0], [6, 45965, 0], [0, 121, 5433]]",0.997643246,"[[691, 0, 0], [2, 11545, 0], [0, 30, 1310]]"
KalyanDombivali,Maharashtra,2024,Maharashtra_KalyanDombivali_W,0.997486392,"[[3971, 0, 0], [4, 40016, 19], [0, 116, 11173]]",0.99833815,"[[977, 0, 0], [0, 10054, 1], [0, 22, 2786]]"
KalyanDombivali,Maharashtra,2019,Maharashtra_KalyanDombivali_NW,0.996320494,"[[973, 0, 0], [21, 51439, 0], [0, 184, 3097]]",0.996050553,"[[267, 0, 0], [8, 12789, 0], [0, 47, 815]]"
KalyanDombivali,Maharashtra,2024,Maharashtra_KalyanDombivali_NW,0.985205479,"[[970, 158, 0], [553, 46833, 10], [0, 116, 7935]]",0.986323696,"[[247, 41, 0], [119, 11611, 3], [0, 30, 2061]]"
Mumbai,Maharashtra,2019,Maharashtra_Mumbai_C,0.997012271,"[[0, 0, 0], [0, 53567, 18], [0, 150, 2495]]",0.995885071,"[[0, 0, 0], [0, 13189, 5], [0, 52, 606]]"
Mumbai,Maharashtra,2024,Maharashtra_Mumbai_C,0.996997641,"[[0, 0, 0], [0, 49373, 58], [0, 110, 6415]]",0.996409851,"[[0, 0, 0], [0, 12328, 22], [0, 28, 1549]]"
Mumbai,Maharashtra,2019,Maharashtra_Mumbai_N,0.996956052,"[[1210, 0, 0], [36, 39160, 1], [0, 132, 14981]]",0.997376073,"[[298, 0, 0], [7, 9993, 1], [0, 29, 3773]]"
Mumbai,Maharashtra,2024,Maharashtra_Mumbai_N,0.996557783,"[[1495, 5, 0], [55, 32343, 71], [0, 61, 21748]]",0.996727511,"[[376, 1, 0], [10, 7977, 14], [0, 20, 5353]]"
Mumbai,Maharashtra,2019,Maharashtra_Mumbai_NE,0.997582725,"[[6320, 2, 0], [33, 34992, 43], [0, 57, 14401]]",0.998298596,"[[1552, 0, 0], [6, 8997, 4], [0, 14, 3533]]"
Mumbai,Maharashtra,2024,Maharashtra_Mumbai_NE,0.996613813,"[[6780, 1, 0], [53, 31877, 39], [0, 96, 16969]]",0.995882144,"[[1675, 1, 0], [11, 8059, 14], [0, 32, 4293]]"
Mumbai,Maharashtra,2019,Maharashtra_Mumbai_E,0.99828877,"[[53, 0, 0], [0, 34961, 59], [0, 37, 20990]]",0.997410445,"[[13, 0, 0], [0, 8693, 22], [0, 14, 5160]]"
Mumbai,Maharashtra,2024,Maharashtra_Mumbai_E,0.997651488,"[[171, 0, 0], [32, 30702, 29], [0, 70, 24776]]",0.997712815,"[[37, 0, 0], [11, 7744, 6], [0, 15, 6178]]"
Mumbai,Maharashtra,2019,Maharashtra_Mumbai_SE,0.998291244,"[[640, 0, 0], [0, 37119, 24], [0, 71, 17742]]",0.9976106,"[[160, 0, 0], [0, 9158, 4], [0, 29, 4460]]"
Mumbai,Maharashtra,2024,Maharashtra_Mumbai_SE,0.997277906,"[[691, 35, 0], [10, 32182, 34], [0, 72, 22448]]",0.996434938,"[[177, 8, 0], [2, 8189, 11], [0, 29, 5609]]"
Mumbai,Maharashtra,2019,Maharashtra_Mumbai_S,0.996904137,"[[2, 15, 0], [0, 48112, 28], [0, 128, 6950]]",0.997196606,"[[0, 4, 0], [0, 11756, 3], [0, 31, 1761]]"
Mumbai,Maharashtra,2024,Maharashtra_Mumbai_S,0.996448476,"[[105, 0, 0], [2, 43027, 86], [0, 107, 11579]]",0.996856495,"[[21, 0, 0], [2, 10729, 24], [0, 17, 2886]]"
Mumbai,Maharashtra,2019,Maharashtra_Mumbai_SW,0.997161621,"[[24130, 0, 0], [1, 27477, 6], [0, 146, 2144]]",0.997634711,"[[6064, 0, 0], [2, 6885, 2], [0, 28, 548]]"
Mumbai,Maharashtra,2024,Maharashtra_Mumbai_SW,0.997931956,"[[24260, 0, 0], [7, 25961, 32], [0, 74, 4307]]",0.997626289,"[[6105, 0, 0], [2, 6259, 10], [0, 20, 1085]]"
Mumbai,Maharashtra,2019,Maharashtra_Mumbai_W,0.996852313,"[[19989, 0, 0], [0, 32901, 1], [0, 172, 1898]]",0.996699186,"[[4914, 0, 0], [0, 8217, 0], [0, 45, 457]]"
Mumbai,Maharashtra,2024,Maharashtra_Mumbai_W,0.998197148,"[[20085, 0, 0], [0, 29522, 21], [0, 78, 5207]]",0.998025016,"[[5029, 0, 0], [0, 7264, 9], [0, 18, 1351]]"
Mumbai,Maharashtra,2019,Maharashtra_Mumbai_NW,0.996788143,"[[6409, 0, 0], [22, 40621, 10], [0, 147, 8522]]",0.997039711,"[[1536, 0, 0], [5, 10112, 3], [0, 33, 2161]]"
Mumbai,Maharashtra,2024,Maharashtra_Mumbai_NW,0.997569582,"[[6340, 0, 0], [3, 36610, 55], [0, 77, 12461]]",0.997327169,"[[1594, 0, 0], [0, 9080, 18], [0, 19, 3132]]"
